cluster_id,keywords,catch_copy,alt_texts
0,"ワイヤレス充電器 Apple Watch 充電器  AirPods充電器  AppleWatch/Airpods ２in1 持ち運び ワイヤレス急速 高速充電 アップルウォッチ AirPods 2/AirPods 3/Air PodsPro Type-C ケーブル不要 置くだけ充電 Qi対応 Wireless 送料無料, USBケーブル 3in1 急速 タイプC Cタイプ 充電ケーブル iPhone iPad 同時充電 スマホ Lightning typeC1本 3in1 マルチ ケーブル ライトニング3in1 3A 急速 3本同時充電 iPhoneケーブル iPhone2台同時 アイフォーン iPad 3A 1m 送料無料",Apple WatchとAirPodsを同時に充電できるワイヤレス充電器,ワイヤレス充電器の利便性; Apple Watchを簡単に充電; AirPodsも同時に充電可能; 持ち運びに便利なデザイン; 急速充電で時間を節約; Qi対応で安心の充電; ケーブル不要でスッキリ; 2in1の充電器で効率的; USBケーブル不要の快適さ; 高速充電でストレスフリー; Apple製品に最適な選択; 置くだけで充電が完了; 充電器のコンパクトさ; スマホとタブレットも充電; 3in1で多機能な充電器; LightningとType-C対応; 急速充電でパワフル; 1mの長さで使いやすい; 送料無料でお得に購入; 充電をもっと快適に
1,"iPhone13プロ ケース シリコン かわいい スマホカバー スタンド グリップ iPhone13 耐衝撃 シリコン 携帯カバーiPhone オレンジ ピンク ミント ネイビー こども アイホン13プロ ポッキリ 買い回り 買い周り セール マラソン 送料無料 ポイント消化, phone 15 14 バンパーケース 耐衝撃 マグセーフ リング iPhone16 アルミ バンパー メタルバンパー Z 軽量ケース 16Promax ハードケース MagSafe iPhone16Proケース アルミニウム アルミ合金 360°回転 簡単装着 アルミ 高級 フレームレス ブラック ブルー ゴールド",かわいさと耐衝撃を両立したiPhone13プロケースでスマホを守る！,iPhone13プロのかわいいケース; シリコン製のスマホカバー; 耐衝撃の携帯カバー; スタンド機能付きケース; 子供向けのデザイン; オレンジ色のiPhoneケース; ピンクのかわいいスマホカバー; ミントカラーのシリコンケース; ネイビーのスタイリッシュカバー; 買い回りに最適なケース; セール中のiPhoneケース; 送料無料のスマホカバー; ポイント消化にぴったり; マラソンセールのおすすめ商品; アルミニウム製のバンパーケース; 軽量で持ち運びに便利; 360°回転するスマホカバー; ハードケースでしっかり保護; 高級感あるメタルバンパー; MagSafe対応のiPhoneケース; フレームレスデザインのカバー
2,"iphone13プロマックス ブルーライトカット スマホフィルム ガラスフィルム iPhone 画面 保護フィルム 12プロマックス 画面シート アイフォーン 保護シート 携帯シール ポッキリ 買い回り 買い周り セール マラソン 送料無料 ポイント消化, Google pixel 7pro フィルム 8a 指紋認証対応 Google Pixel9 ガラスフィルム Pixel8a 強化ガラス Pixel9 pro フィルム グーグルピクセル 8A 7a 7 Pixel8 9pro XL 保護フィルム 指紋つかない 8a 7a 液晶保護フィルム",iPhone13プロマックスを守るブルーライトカットフィルムの決定版,スマホ画面をしっかり守るフィルム; ブルーライトカットで目に優しい; iPhoneのために設計された保護フィルム; 指紋がつきにくいガラスフィルム; 画面の美しさを保つ保護シート; 強化ガラスで安心の耐久性; 送料無料で手に入る特別セール; 買い回りでお得なポイント消化; マラソンセールでさらにお得に; 画面シートで新しい体験を; 携帯シールで個性を演出; iPhoneを美しく保つ保護フィルム; 液晶保護フィルムで安心の使用感; 指紋認証対応で快適な操作; Google Pixelにぴったりなフィルム; 強化ガラスで安心の保護力; Pixelシリーズ専用のフィルム; 画面を守るための必需品; スマホの寿命を延ばす保護シート; 持ち運びに便利な携帯シール
3,【満足度98％!!】iphone ガラスフィルム 指紋つかない 画面保護フィルム iphone17フィルム さらさら アンチグレア 保護シート iphoneフィルム 指紋防止 さらさらタッチ ゲームにも最適 全機種対応 iPhone16 15 13 12 11 保護ガラス アイフォン,指紋がつかない！iPhoneの画面を守る高性能ガラスフィルム,"iPhoneの画面をしっかり保護; 指紋防止でいつでもクリア; さらさらタッチで快適操作; ゲームにも最適なフィルム; 全機種対応で安心; iPhone17にもぴったり; アンチグレアで視認性向上; 高い満足度を誇る商品; フィルム交換も簡単; 保護シートで傷から守る; 長持ちする耐久性; 指紋が目立たないデザイン; 手触りの良いフィルム; フィルムの貼り付けもスムーズ; 透明度の高い素材; 安心の品質保証; iPhone12,13,14対応; 画面の美しさを保つ; 安心して使えるフィルム; あなたのiPhoneを守る選択"
4,【楽天1位獲得】ワイヤレスイヤホンアクセサリー イヤーカフ チェーン ストラップ AirPods 落下防止 紛失防止 ワイヤレスイヤホン用 アクセサリー 落ちない なくさない タッセル ポッキリ 買い周り 買い回り セール マラソン ポイント消化,楽天1位獲得！ワイヤレスイヤホンを守るおしゃれなアクセサリー,ワイヤレスイヤホン用アクセサリー; イヤーカフでスタイルアップ; 落下防止のチェーンストラップ; AirPodsをしっかりホールド; 紛失防止に最適なタッセル; おしゃれで機能的なイヤホンカバー; 買い回りでお得にゲット; セールで手に入れるチャンス; ポイント消化にぴったり; 落ちないイヤホンストラップ; なくさない安心のアクセサリー; マラソン中でも安心; ポッキリ価格で手に入る; デザイン性と実用性を両立; 毎日の必需品をおしゃれに; イヤホンをもっと楽しむ方法; 便利なイヤホンアクセサリー; スタイリッシュなワイヤレスイヤホン; イヤホンを守る新習慣; 安心感をプラスするアイテム
5,アップルウォッチバンド メンズ ステンレス ビジネス 高級感 Applewatch 1 2 3 4 5 6 SE SE2 Ultra1 Ultra2 ベルト 長さ調節 ドライバー付き スチール 38mm 40mm 42mm 44mm スペア 交換 送料無料,ビジネスシーンに最適な高級感漂うアップルウォッチバンド,メンズ向けのスタイリッシュなバンド; 高級感あふれるステンレス製; ビジネスシーンにぴったりのデザイン; Apple Watchに対応した多機能ベルト; 長さ調節が簡単なドライバー付き; スチール素材で耐久性抜群; 38mmから44mmまで対応; 交換用スペアバンドもご用意; 送料無料でお届けします; アップルウォッチをおしゃれに演出; Ultra1やUltra2にもフィット; シンプルで洗練されたデザイン; 普段使いにもビジネスにも最適; 快適な着け心地を実現; 高品質な素材で長持ち; 自分だけのスタイルを楽しむ; プレゼントにも喜ばれるアイテム; カラーバリエーション豊富; 手軽にイメージチェンジ可能; おしゃれなアクセサリーとしても
6,アップルウォッチバンド シリコン apple watchベルト ラバーバンド おしゃれ アップルウォッチ スポーツバンド人気 スリム くすみ ベージュ ピンク ブルー ホワイト 送料無料,おしゃれで快適なアップルウォッチバンドを手に入れよう！,アップルウォッチバンドの魅力; シリコン製で軽やか; ファッションに合わせて選べる; スポーツバンドでアクティブに; くすみカラーが新しいトレンド; ベージュで上品な印象; ピンクで可愛らしさを演出; ブルーで爽やかさをプラス; ホワイトでシンプルに決める; 送料無料でお得に購入; ラバーバンドの柔軟性; スリムデザインで手首にフィット; 人気のスポーツバンド; アップルウォッチをもっと楽しむ; おしゃれなベルトで差をつける; 毎日のコーデに合わせやすい; 自分だけのスタイルを見つける; ギフトにも最適なアイテム; 高品質な素材で安心; 手軽に交換できるバンド; あなたのアップルウォッチを彩る
7,MacBook Pro ケース 15インチ A1707 A1990 ハードケース Pro15インチ おしゃれ MacBookカバー Pro13 ハードカバー スタンド付き M1 M2 A2686 A1706 A1708 A1989 A2159 A2289 A2251 A2338 A1707 A1990 マックブックプロ エア,おしゃれで機能的なMacBook Proケース、あなたのスタイルを引き立てます。,MacBook Proを守るハードケース; 15インチ用のスタイリッシュなカバー; M1/M2モデルに最適なケース; おしゃれなMacBookカバーを選ぼう; A1707/A1990対応のハードカバー; スタンド付きで便利なデザイン; 持ち運びに便利なMacBookケース; 耐衝撃性の高いハードケース; エレガントなデザインのカバー; MacBookをおしゃれに保護; A2686/A1706用の特別なケース; 洗練されたスタイルのMacBookカバー; A2159/A2289対応のハードケース; 日常使いにぴったりなカバー; MacBookをおしゃれに演出; A1708/A1989用の耐久性あるケース; プロ仕様のMacBookハードカバー; 軽量で持ち運びやすいデザイン; シンプルで機能的なMacBookケース; あなたのMacBookをスタイリッシュに
8,AirPods3 シリコンケース AirPodsPro2 ケース シリコン 収納ケース付き 6点セット エアーポッズプロ 落下防止 装着充電 第3世代 第2世代 エアーポッズプロ かわいい シンプル 保護 擦り傷防止 Apple 黒 白 青 送料無料,エアーポッズを守る！可愛いシリコンケースでおしゃれに収納,エアーポッズの可愛いシリコンケース; 落下防止機能付きの収納ケース; シンプルでおしゃれなデザイン; 擦り傷から守る保護ケース; Apple製品にぴったりなケース; 送料無料でお届けする安心感; エアーポッズプロ用の高品質ケース; 第3世代エアーポッズをしっかり保護; 黒や白、青の豊富なカラーバリエーション; 収納ケース付きで便利なセット; シリコン素材で手触りも良好; エアーポッズをスタイリッシュに保つ; 毎日の使用に最適なアクセサリー; 簡単装着で充電も楽々; 落下時の衝撃をしっかり吸収; かわいいデザインで気分もアップ; 耐久性に優れたシリコン製; シンプルな形状で持ち運びも便利; エアーポッズをおしゃれに演出; 自分用にもギフトにも最適
9,【最強硬度9H】switch保護フィルム ガラス switch 画面保護シート switchliteフィルム スイッチ ブルーライト 任天堂 有機el 保護フィルム lite ガラスシート switch画面保護フィルム ポッキリ 買い周り 買い回り セール マラソン,最強硬度9Hのスイッチ保護フィルムで、ゲームを安心して楽しもう！,最強の画面保護フィルム; ブルーライトカット機能付き; 任天堂スイッチ用ガラスシート; switchliteにも対応したフィルム; ゲームを守る高品質フィルム; 安心の9H硬度を実現; クリアな視界を保つ保護シート; 簡単に貼れるガラスフィルム; 買い回りでお得なセール; ポッキリ価格で手に入る; 有機ELモデルにも最適; ゲームライフをサポート; 高い耐久性を誇るフィルム; スイッチの画面を守る必需品; ゲーム中の傷から守る; 安心して遊べる保護シート; 簡単取り付けのガラスフィルム; 長持ちする画面保護アイテム; クリスタルクリアの透明感; お得な買い周りキャンペーン
10,【今だけフィルムプレゼント】12promaxケース クリア アイホン12プロマックスカバー 透明　アイホーン12プロマックスケース 耐衝撃 携帯カバーiPhone12 グリーン 透明 スマホカバーiPhone12,今だけフィルムプレゼント！iPhone12プロマックスケースで大切なスマホを守ろう！,iPhone12プロマックスケースの魅力; 透明なクリアケースの利点; 耐衝撃性に優れたスマホカバー; グリーンカラーのiPhoneケース; 携帯カバーの選び方; フィルムプレゼントの特典; アイホン12プロマックスの保護; スマホカバーのデザイン; ケースの機能性と美しさ; 透明ケースの人気理由; iPhone12のカスタマイズ; 耐久性のある携帯ケース; スマホアクセサリーのトレンド; アイホーン12の特長; クリアケースの手触り; 持ちやすいスマホカバー; フィルムとケースのセット; アイホン12プロマックスの新作; 透明カバーの選択肢; スマホをおしゃれに保護
11,iPad ケース 360回転 air第5世代ケース ipad pro11 ipadair ipad第5世代カバー Air4ケース ipad第4世代カバー Air4 プロ11 ipadair5ケース ペンシル収納 回転 くすみ 軽量 スタンド ipadair11カバー m2 pro11,360度回転で使いやすいiPadケース、軽量でスタイリッシュなデザイン,iPadケースの360度回転機能; 軽量で持ち運び便利なケース; スタンド機能付きiPadカバー; Air第5世代に最適なケース; iPad Pro 11インチ用カバー; ペンシル収納可能なデザイン; くすみカラーのiPadケース; iPad Air 4にぴったりのカバー; iPad第5世代専用ケース; プロ11インチ対応のケース; iPad Air 11インチカバー; M2プロ11インチ用ケース; 回転式スタンド機能付き; おしゃれなiPadケース; 使いやすさを追求したデザイン; 高品質なiPad保護カバー; 手触りの良い素材使用; シンプルで洗練されたデザイン; 持ち運びに便利な軽量設計; 全方位保護のiPadケース
12,【楽天2位】フィットネス水着 セパレート水着 レディース フィットネス 水着 ジム セパレーツ 大きいサイズ 水着 上下 セット シンプル 吸汗 速乾 かわいい きれい 30代 40代 S M L 黒 海外 オトナ ビキニ フードなし 送料無料,大人の女性にぴったりなフィットネス水着で、ジムも海も楽しもう！,フィットネス水着で快適に運動; セパレート水着で動きやすさ抜群; 大きいサイズも揃った水着; シンプルでおしゃれなデザイン; 吸汗速乾素材で快適な着心地; ジムでも使えるフィットネス水着; かわいい水着で気分もアップ; きれいなシルエットの水着; 30代40代におすすめの水着; SからLまでの豊富なサイズ展開; 黒のセパレート水着でスタイリッシュ; 海外ブランドのフィットネス水着; ビキニスタイルのセパレート水着; フードなしでシンプルに着こなす; 送料無料で手軽に購入可能; 上下セットのフィットネス水着; 海でも使えるシンプルなデザイン; 運動後も快適な水着選び; 自分に合った水着を見つけよう; フィットネスを楽しむための水着
13,フィットネス水着 セパレート水着 レディース フィットネス 水着 ジム 大きいサイズ 水着 上下 セット シンプル 吸汗 速乾 かわいい きれい 30代 40代 S M L 白 海外 オトナ ビキニ フードなし 送料無料,大きいサイズも揃ったシンプルでかわいいフィットネス水着を今すぐチェック！,フィットネス水着の魅力; セパレートタイプの水着; レディース向け水着特集; ジムで使える水着; 大きいサイズの水着; 上下セットの水着; シンプルなデザイン; 吸汗速乾機能付き; かわいい水着デザイン; きれいな白色の水着; 30代向けの水着; 40代にもおすすめの水着; SサイズからLサイズまで; 海外ブランドの水着; オトナのためのビキニ; フードなしのスタイル; 送料無料の特典; フィットネスに最適な水着; 夏にぴったりの水着; 自分に合った水着選び
14,【楽天1位獲得】水着 160 女の子 ラッシュガード キッズ 長袖 小学生 上下 ジュニア水着 パット セット水着 男の子 ラッシュガードキッズ 120 130 140 150 兄弟 子ども 幼稚園 ジュニア ガールズ 水着キッズ 子供水着 上下３点セット,楽天1位獲得！子どもにぴったりな水着セットで楽しい夏を満喫しよう！,ジュニア水着で夏を楽しもう; 長袖ラッシュガードで日焼け対策; かわいいデザインの子供水着; 兄弟で仲良く水遊び; 上下セットでコーディネート簡単; 幼稚園の水遊びに最適; 水着キッズの新しいスタイル; 安心のパッド付き水着; 男の子も女の子も大満足; 120から150までのサイズ展開; 楽しいビーチタイムを演出; 水着とラッシュガードのセット; ジュニア向けのトレンドアイテム; キッズ水着で思い出を作ろう; 夏の必需品！水着上下セット; おしゃれなラッシュガードキッズ; 楽しいプールデイをサポート; 水遊びがもっと楽しくなる; 元気な子どもにぴったりな水着; 家族で楽しむ夏の思い出
15,【楽天1位獲得】【体温も測れる】ハンド ソープディスペンサー 壁掛け オートソープディスペンサー 自動 泡石鹸  タッチレス ジェル石鹸 浮かせる 大容量 430ml 自動検温 キッチン ソープディスペンサー 自動 泡 壁掛け 充電 非接触 Type-C,楽天1位獲得！体温も測れるタッチレスオートソープディスペンサー,自動で泡が出るソープディスペンサー; 壁掛けタイプで省スペース; 充電式で使いやすい; 大容量430mlで安心; 非接触で衛生的; キッチンに最適なデザイン; 自動検温機能付き; 泡石鹸が簡単に使用可能; タッチレスで快適な手洗い; オートソープで便利な生活; 家庭用に最適なアイテム; 楽天で人気のディスペンサー; おしゃれなキッチンを演出; 安心の自動泡立て機能; 子供にも使いやすい; 手をかざすだけで泡が出る; Type-C充電で便利; 清潔感あふれるキッチン; 贈り物にも喜ばれる商品; 毎日の手洗いを楽しく
16,犬 餌入れ おしゃれ 折りたたみフードボール 犬 ペット フードボウル おしゃれ ネコ フードボール 持ち運び 餌入れ 水入れ 皿 お皿 ウォーターボール 散歩 旅行 トラベル かわいい 折り畳み ポッキリ 買い周り 買い回り セール マラソン ポイント消化,おしゃれで持ち運び便利な犬用折りたたみフードボール登場！,おしゃれな犬用フードボウル; 折りたたみ式の便利な餌入れ; 旅行に最適な犬用皿; かわいいデザインの水入れ; 散歩にぴったりなフードボール; 持ち運びしやすいネコ用皿; セール中の折り畳みフードボール; ポイント消化におすすめのアイテム; マラソン中の買い回りに最適; ポッキリ価格の犬用餌入れ; おしゃれなデザインの水ボール; 旅行用に便利なフードボウル; 散歩のお供に最適な皿; かわいい犬用水入れ; 持ち運びが簡単なフードボール; 折り畳み式で収納も楽々; ペットに優しいデザイン; おしゃれなネコ用フードボール; セールでお得にゲット; 旅行に便利な餌入れ
17,iPhone14プラスケース アルミバンパー 両面保護 全面フルカバー iphone14全面保護ケース 両面ガラス 14Plus iphone14プロ 耐衝撃 両面強化ガラス マグネット 携帯カバー ポッキリ 買い回り 買い周り セール マラソン 送料無料 ポイント消化,iPhone14プラスケースで両面保護！アルミバンパーの耐衝撃性能を体感しよう,iPhone14プラスケースの魅力; アルミバンパーで強化された保護; 全面フルカバーの安心感; 両面ガラスで傷から守る; 耐衝撃性能が優れたケース; マグネットで簡単装着; 送料無料でお得に購入; ポイント消化に最適な商品; 買い回りでさらにお得; セール中のiPhoneケース; マラソンで特別価格; 携帯カバーの選び方; 14Plus用の特別なデザイン; 両面強化ガラスで安心; 全方位を守るケース; おしゃれなiPhone14ケース; 快適な操作性を実現; 高品質な素材を使用; 手にフィットするデザイン; スタイリッシュな保護ケース; 長持ちする耐久性
18,【P5倍】【1位獲得】【さらさら 反射防止】iPad フィルム 指紋 つかない ipadmini7 ガラスフィルム ipad11世代 アンチグレア ipad10世代 保護シート さらさら ミニ7 pro11 指紋防止 画面シート 9 8 7 ミニ6 保護フィルム 液晶保護 ゲーム用 ツムツム,指紋がつかないさらさらのiPadフィルムで快適な操作を実現！,iPadを守る高品質フィルム; さらさらの触り心地が魅力; 反射防止で視認性向上; 指紋がつかないガラスフィルム; ゲーム用にも最適な保護シート; iPad mini 7専用のフィルム; 11世代iPadにピッタリ; アンチグレア仕様で快適; 保護フィルムで安心の使用感; ミニ6モデルにも対応; 液晶保護で画面を守る; ツムツムも快適に楽しめる; 指紋防止でクリアな画面; さらさらのフィルムで操作性向上; 9インチから11インチまで対応; 高い透明度で美しい映像; 簡単に貼れるフィルム; 耐久性に優れたガラス素材; 安心の1位獲得商品; P5倍の特典でお得に購入
19,キッズドレス 110 ピンク 110 イエロー 結婚式 子供 ドレス ピアノ発表会 子どもドレス 5才女の子 黄色 ワンピース フォーマル ドレス１１０ 3才 4才 5才 スパンコール 七五三 110cm,特別な日を彩る！110cmのキッズドレスで可愛さ倍増,ピンクのキッズドレス; イエローの子供ドレス; 結婚式用ワンピース; ピアノ発表会ドレス; 5才女の子のフォーマル; スパンコール付きドレス; 七五三の特別な衣装; 110cmの可愛いドレス; 3才から5才向け; 子どもドレスの新作; フォーマルな子供服; 華やかなパーティー用ドレス; おしゃれなワンピース; 楽しいお祝いの装い; 特別な日のための衣装; 子供の成長を祝うドレス; カラフルなキッズファッション; 親子で選ぶドレス; 思い出に残る衣装選び; 夢見る子供のためのドレス
20,アップルウォッチ フィルム 保護 ガラス40mm AppleWatch 41mm アップルウォッチフィルムガラス 保護シール 日本製ガラスSE 液晶保護フィルム 保護フィルム アップルウォッチフィルム41 AppleWatch ポッキリ 買い周り 買い回り セール マラソン ポイント消化,アップルウォッチを守る高品質フィルムで安心の毎日を手に入れよう！,アップルウォッチのフィルム; 高品質の保護ガラス; 液晶保護フィルムの選び方; 日本製の信頼性; フィルムで傷から守る; フィルムの貼り方ガイド; アップルウォッチの保護シール; フィルムの耐久性について; セール中のフィルム; ポイント消化に最適; 買い回りでお得に; マラソンセール情報; フィルムの効果を実感; フィルムの種類を比較; 簡単に貼れる保護フィルム; アップルウォッチフィルム41; フィルム選びのポイント; フィルムの必要性; おしゃれなフィルムデザイン; フィルムで愛用の時計を守る
21,【1本でiPhone2台同時】3in1充電ケーブル 急速 充電ケーブル USBケーブル 三又 スマホ充電ケーブル 急速 1.2m タイプC Android用充電ケーブル iPhone充電ケーブル 3本同時充電 携帯コード iphone17 16 15 充電コード 3A Type-C シルバー,1本でiPhone2台同時充電！急速3in1充電ケーブルの決定版,"iPhoneとAndroid同時充電; 急速充電対応のUSBケーブル; 3台のデバイスを一度に充電; 1.2mの長さで使いやすい; Type-C対応の充電ケーブル; シルバーのスタイリッシュデザイン; 携帯に便利な三又ケーブル; 充電時間を短縮する3A出力; iPhone17, 16, 15に対応; スマホ充電の新常識; 持ち運びに最適な軽量設計; 耐久性のある高品質素材; 家庭や職場で大活躍; 充電のストレスを解消; デバイスを選ばない便利さ; エレガントなデザインでおしゃれ; 急速充電で時間を節約; 友達とシェアできる便利さ; 旅行にも最適なコンパクトサイズ; 安心の日本製品質"
22,MacBook 画面フィルム 16インチ m4 ｍacBookPro 液晶保護シート 14インチ マックブックプロ保護フィルム ブルーライトカット アンチグレア 紫外線カット マックブック画面シート m3 m2 m1 2024 送料無料,MacBookを守る！高性能画面フィルムで快適な視界を実現,MacBook 16インチ用フィルム; 液晶保護シートの重要性; マックブックプロの画面保護; ブルーライトカットの効果; アンチグレアで快適視認; 紫外線カットのメリット; 2024年モデル対応フィルム; 14インチマックブック保護; 送料無料でお得に購入; 高品質な画面シート; フィルムの取り付け方法; 耐久性に優れた素材; 視界をクリアに保つ; 簡単に貼れるフィルム; 画面を傷から守る; フィルムの選び方ガイド; マックブックの寿命を延ばす; フィルムのメンテナンス方法; コストパフォーマンスの良さ; 安心の返品保証付き
23,扇風機 小型 かわいい 子ども 首掛け扇風機 腰掛け扇風機 羽なし 扇風機 首かけ 首かけ扇風機 ミニファン 携帯扇風機 卓上 カメラ型 usb 充電式 3段階風力調節 静音 軽量 おしゃれ 携帯 コンパクト 涼しい アウトドア 白 ピンク グリーン あす楽,かわいいデザインの小型扇風機で、いつでも涼しさを手に入れよう！,子どもも喜ぶかわいい扇風機; 軽量で持ち運びに便利なミニファン; 静音設計の携帯扇風機; 3段階風力調節ができる扇風機; アウトドアにも最適なコンパクトサイズ; USB充電式で経済的な扇風機; 首掛けタイプで両手が自由に使える; おしゃれなデザインの卓上扇風機; 腰掛け扇風機でリラックス; 羽なし設計で安全性抜群; 白やピンクの可愛いカラーバリエーション; グリーンで爽やかな印象の扇風機; あす楽対応で迅速な配送; 子ども向けの安全設計; おしゃれなデザインでインテリアにも; 持ち運びに便利な軽量モデル; 快適な風を提供する扇風機; デスクにぴったりの卓上ファン; キャンプやピクニックに最適; お手入れ簡単な扇風機
24,ガジェットポーチ 防水 トラベルポーチ 収納バッグ 収納ケース マルチポーチ ゲーム カメラポーチ 軽量 ケーブル 小物入れ 旅行 化粧ポーチ デジタル小物 おしゃれ 送料無料 あす楽,旅行に最適な防水ガジェットポーチで、すべてをスマートに収納！,旅行用の便利な収納バッグ; 防水機能付きのトラベルポーチ; 軽量で持ち運びやすい収納ケース; ゲーム機やカメラを守るポーチ; 小物入れとしても使えるマルチポーチ; 化粧品も安心の防水ポーチ; デジタル小物を整理整頓; おしゃれなデザインで目を引く; 送料無料で手に入るアイテム; あす楽対応で素早くお届け; 旅行の必需品としておすすめ; ケーブル類をすっきり収納; 多機能な収納ケースで便利; カメラ用品をまとめて持ち運び; おしゃれな旅行ポーチを選ぼう; 軽量設計で負担を軽減; 収納力抜群のガジェットポーチ; トラベルに最適なアイテム; 小物整理に役立つ収納バッグ; 使いやすさを追求したデザイン
25,二つ折り財布 コンパクト財布 財布 ミニ 薄型 コンパクトウォレット スキミング防止 メンズ スリム財布 カード入れ シンプル おしゃれ プレゼント マネークリップ クレジットカードケース 二つ折り ギフト 免許証入れ 財布ミニ,シンプルでおしゃれな二つ折り財布、コンパクトで使いやすい！,コンパクトな二つ折り財布; 薄型で持ち運び便利な財布; スリムなデザインの財布; おしゃれなミニ財布; カードがたっぷり入る財布; プレゼントに最適な財布; マネークリップ付きの財布; クレジットカードケースとしても使える; シンプルなデザインの財布; スキミング防止機能付き財布; メンズ向けのコンパクト財布; 免許証入れもついている; おしゃれなコンパクトウォレット; ギフトにぴったりな財布; 薄型で収納力抜群の財布; 使いやすいスリム財布; デイリーユースに最適な財布; カジュアルに使える財布; 高品質な二つ折り財布; 機能的でスタイリッシュな財布
26,ワイヤレス充電器 3in1 iPhone Android AppleWatch MagSafe対応 Qi対応 スマホ ワイヤレスチャージャー 急速充電 15W 置くだけ充電 3台同時 持ち運び 便利 スマホスタンド 携帯充電 iPhone16 iPhone15 iPhone14,3台同時充電が可能なワイヤレス充電器で、スマホもAppleWatchも楽々急速充電！,ワイヤレス充電器の便利さ; 3台同時充電の魅力; 急速充電で時短; iPhoneとAndroid対応; MagSafe対応の安心感; 置くだけで簡単充電; 持ち運びに便利なデザイン; スマホスタンド機能付き; Qi対応で広がる可能性; 充電中もスタイリッシュ; AppleWatchも一緒に充電; 15Wのパワフル充電; iPhone16に最適な選択; iPhone15ユーザー必見; iPhone14にも対応; 充電器の新しいスタイル; 持ち運びやすいサイズ感; デスク周りをスッキリ; 家族で使える充電器; 旅行にも最適なアイテム
27,【職人の手でひとつひとつ手作業】AppleWatchバンド エスニック レディース アップルウォッチベルト ブレスレット 42 44 45 mm ウォッチバンド 天然石 かわいい オシャレ 手作り ボヘミアンスタイル エスニック ホボ 天然素材,職人の手で丁寧に作られたエスニックなApple Watchバンド,手作りのエスニックApple Watchバンド; 天然素材を使用したオシャレなバンド; かわいいデザインのアップルウォッチベルト; ボヘミアンスタイルのウォッチバンド; 42mmと44mmに対応したバンド; 職人が手作業で仕上げたブレスレット; エスニックな雰囲気のApple Watchバンド; 手作りで温かみのあるバンド; 天然石を使った特別なウォッチバンド; オシャレで個性的なApple Watchアクセサリー; 女性にぴったりのエスニックデザイン; 手仕事の魅力が詰まったアップルウォッチベルト; ユニークなスタイルを演出するバンド; デイリーユースに最適なウォッチバンド; エスニックテイストで差をつける; カジュアルにもフォーマルにも合うバンド; 特別な日のギフトにもおすすめ; 心を込めた手作りのアイテム; 自分だけのスタイルを楽しむバンド; こだわりの素材で仕上げたウォッチバンド
28,ワイヤレス充電器 iPhone 急速 15W充電 iPhone16/15/14/13/12 マグセーフ充電器 スタンド マグネット充電器 磁石 ピタッと magsafe充電器 スタンド Qi急速充電 ワイヤレスチャージャー アイフォン充電器 過充電防止,iPhoneを素早く充電するワイヤレス充電器で快適ライフを実現,ワイヤレス充電器の魅力; iPhone専用の急速充電; 15Wのパワフル充電; マグセーフ充電の利便性; スタンドタイプで使いやすい; 磁石でピタッと固定; Qi急速充電対応; 過充電防止機能搭載; アイフォン充電器の選び方; 充電中もスマホ操作可能; コンパクトで持ち運び便利; デザイン性に優れた充電器; 安心の安全設計; 充電速度に満足; スタイリッシュな充電スタンド; マグネット充電の新常識; iPhone16にも対応; 日常使いに最適; 充電器の進化を体感; スマートライフをサポート
29,iPhone14Plusケース クリア MagSafe対応 iPhone14ケース スマホカバー14プラス スマホケース14プラス スタンド 携帯カバー マグネット カバー ワイヤレス充電対応ケース 14プラスケース シンプル 透明,iPhone14Plusを守る、スタイリッシュで機能的なクリアケース,iPhone14Plusのための透明ケース; MagSafe対応のスマホカバー; シンプルで洗練されたデザイン; ワイヤレス充電が可能なカバー; スタンド機能付きの携帯カバー; 14プラス専用のクリアケース; マグネットでしっかり固定; 耐久性に優れたスマホケース; 手に馴染むフィット感; 軽量で持ち運びやすい; 傷から守る強化素材; デイリーユースに最適; 透明感が美しいデザイン; 簡単に取り付け可能; 指紋が目立たない加工; オシャレなアクセントに; 全機能にアクセスしやすい; カスタマイズ可能なスタイル; 安心の品質保証; あなたのiPhoneを引き立てる
30,【ガイド枠付きでキレイに貼れる2枚入り】applewatch 保護シール 4/5/6/7/8/9/SE/SE2 液晶フィルム アップルウォッチ保護フィルム キット 44 41 40 mm 3D 保護 取付簡単 プロテクターフィルム apple watch保護フィルム 画面シール,アップルウォッチを守る！簡単取付の保護シール2枚入り,アップルウォッチ用の保護シール; 簡単に貼れる液晶フィルム; 2枚入りでお得な保護フィルム; ガイド枠付きでキレイに貼れる; 3D設計のプロテクターフィルム; 44mmや41mmに対応したシール; SEやSE2モデルにも適合; 高品質な画面保護シート; 傷から守る液晶保護フィルム; 安心の2枚セットで長持ち; 取付が簡単で初心者向け; 透明度抜群のアップルウォッチシール; フィンガープリント防止機能付き; 高耐久性の保護フィルム; 画面の美しさを保つシール; 手軽に交換できる保護フィルム; アップルウォッチをしっかりガード; 使いやすさを追求した設計; デザインを損なわない薄型フィルム; 安心して使える保護シート
31,アップルウォッチ レザー ベルト アップルウォッチバンド 45mm 44mm 42mm SE Apple Watchベルト 本革 おしゃれ ビジネス ヴィンテージ 男性 女性 メンズ レディース　レザー applewatch　9/8/7/6/5/4/3/2/1/SE/SE2/Ultra1/Ultra2,おしゃれでビジネスシーンにも最適なレザー製アップルウォッチバンド,アップルウォッチ用レザーバンド; ビジネスにぴったりなデザイン; おしゃれな男性向けバンド; 女性にも似合うレザーアクセサリー; ヴィンテージ感漂うスタイル; 高品質本革使用のバンド; 各サイズ対応のアップルウォッチバンド; メンズレザーアップルウォッチバンド; レディース向け洗練されたデザイン; SEやUltra対応のバンド; 多彩なカラー展開のレザー; アップルウォッチを引き立てる; 日常使いに最適なアイテム; カジュアルからビジネスまで; ファッション性と機能性の両立; アップルウォッチをおしゃれに; レザーの質感を楽しむ; 耐久性に優れたレザー素材; シンプルで洗練されたデザイン; 自分だけのスタイルを演出
32,iPhoneケース カード収納 メンズ 14プラス 14プロ 14ProMax カバー 財布分離型 マグネット 携帯カバー アイフォン14ケース スマホカバー アイホン14カバー 人気 iphoneケース 財布 薄型 黒 赤 ブラウン グリーン,スタイリッシュなiPhoneケースでカード収納もスマートに！,iPhoneケースの魅力を引き出すデザイン; カード収納が便利なスマホカバー; メンズ向けの洗練されたアイフォンケース; 財布分離型で使いやすい携帯カバー; マグネット式で安心のフィット感; 人気の薄型iPhoneケースが登場; 黒・赤・ブラウン・グリーンの豊富なカラー; 14プラスにぴったりのカバー; 14プロモデルにも対応したデザイン; 高機能とスタイルを両立したケース; アイホン14カバーで個性を演出; スマホカバーとしての実用性も抜群; カード収納機能で生活が便利に; シンプルでありながら高級感のあるケース; 日常使いに最適なiPhoneケース; オシャレなメンズ向けカバー; 安心のマグネットでしっかり保護; 薄型で軽量な携帯カバー; 多機能を兼ね備えたスマホケース; スマートなデザインで注目を集める
33,アップルウォッチバンド 液晶保護 カバー付 キラキラ ラインストーン applewatchカバー フォーマル レディース 45 44 41 40 mm 女性 細見え カジュアル デート 高級 おしゃれ ブラック シルバー ローズゴールド 送料無料,高級感溢れるアップルウォッチバンドでおしゃれを楽しもう,アップルウォッチバンドの魅力を引き出す; 華やかなラインストーンで装飾されたバンド; フォーマルなシーンにもぴったりなデザイン; 女性におすすめのカジュアルなスタイル; 細見え効果で手元を美しく演出; シルバーとローズゴールドの選べるカラー; デートに最適なアップルウォッチカバー; 送料無料でお得に購入できる; 高品質な液晶保護カバー付き; おしゃれなブラックでシックな印象; 多様なサイズに対応したバンド; 日常使いにも適した耐久性; 特別な日のための高級感; シンプルなデザインで使いやすい; ラインストーンでキラキラ輝く; 女性らしさを引き立てるアイテム; スタイリッシュなアクセサリーとして; 多彩なコーディネートにマッチ; 手軽に交換可能なバンド; 自分だけのスタイルを楽しむ
34,iPhone14ケース フルカバー 薄型 フィルム不要ケース アイフォン14保護カバー 強化ガラス 軽量 14plus 14pro 14promax クリア 360度°両面 全面保護マグネットケース 1000円ポッキリ ポッキリ 買い回り 買い周り セール マラソン 送料無料 ポイント消化,iPhone14ケースで全方位を守る、薄型で軽量なフルカバーを手に入れよう！,iPhone14ケースの全方位保護; 薄型で使いやすいデザイン; フィルム不要の便利さ; 強化ガラス使用で安心; 軽量で持ち運びも楽々; クリアなデザインで美しさを保つ; 360度の全面保護が実現; マグネットケースで簡単装着; 1000円ポッキリで手に入る; 買い回りに最適なアイテム; セールでお得に購入; 送料無料でお財布に優しい; ポイント消化にもぴったり; 14plusや14proにも対応; 全機種対応の柔軟性; 日常使いに最適なケース; シンプルでスタイリッシュな外観; 耐久性に優れた素材; 安心の品質保証付き; おしゃれなアクセサリーとしても
35,アップルウォッチ バンド キラキラ パール AppleWatch ベルト 45mm 44mm 41mm 40mm 42mm 38mm ステンレス 女性 レディース お出かけ フォーマル ゴージャス かわいい 結婚式 1/2/3/4/5/6/7/8/9/SE/SE2/Ultra1/Ultra2バンド 送料無料,アップルウォッチを華やかに彩るキラキラパールバンド,女性にぴったりのアップルウォッチバンド; フォーマルな場でも映えるデザイン; 結婚式に最適なゴージャスなスタイル; かわいいパールでおしゃれを楽しむ; ステンレス製の耐久性が魅力; お出かけにぴったりなアクセサリー; 45mmから38mmまで対応の幅広いサイズ; AppleWatchの魅力を引き立てる; 毎日使いたくなるデザイン; 特別な日のためのアクセント; シンプルな服装に華を添える; キラキラ輝くバンドで注目を集める; レディースにおすすめのアクセサリー; どんなシーンにも合うスタイリッシュさ; 高級感あふれるパールの輝き; アップルウォッチを個性的に演出; 送料無料で手に入るお得なアイテム; 大切な人へのプレゼントにも最適; おしゃれな女性に選ばれる理由; 自分らしさを表現できるバンド
36,アップルウォッチバンド キラキラ レディース AppleWatchベルト ステンレス お出かけ 女性 フォーマル ゴージャス かわいい 上品 おしゃれ 細見え パーティー ジュエリー 女性 カバー ラインストーン おしゃれ チェーン 高級 ゴールド ブラック シルバー,女性のためのフォーマルでゴージャスなアップルウォッチバンド,キラキラのアップルウォッチバンド; 上品なデザインのAppleWatchベルト; おしゃれなステンレス製バンド; パーティーにぴったりなジュエリー; 細見え効果のあるゴールドバンド; フォーマルなシルバーバンド; 高級感あふれるラインストーン; かわいいチェーンスタイル; お出かけに最適なブラックバンド; 女性におすすめのゴージャスデザイン; おしゃれで使いやすいバンド; 特別な日のためのアップルウォッチカバー; スタイリッシュなレディースバンド; パーティー映えするデザイン; 洗練された印象のAppleWatchベルト; 毎日使いたいおしゃれアイテム; 女性らしさを引き立てるバンド; 華やかなラインストーンアクセント; シンプルで高級感のあるデザイン; 多彩なスタイルに合わせやすい
37,iphoneケース 肩がけ 14pro 13pro 12 se iphoneケース ショルダー 手帳型  iphone13 ショルダー ストラップ 携帯カバー肩掛け 大人かわいい アイホン13プロ アイフォン14プロ 紐付き iphoneケースse iphone12 ミラー付き オレンジ ピンク ブラック ホワイト,大人かわいいiPhoneケースで肩掛けスタイルを楽しもう！,iPhoneケースの肩掛けスタイル; おしゃれなショルダーケース; 手帳型iPhoneケースの魅力; アイホン用のかわいいカバー; iPhone13プロにぴったりのケース; オレンジ色のiPhoneケース; ピンクのショルダーケース; ブラックのスタイリッシュなカバー; ホワイトのシンプルなiPhoneケース; ミラー付きの便利なケース; 肩掛け紐付きのiPhoneカバー; 大人向けのデザインケース; iPhone12用のスタイリッシュケース; iPhone14プロ対応のケース; 携帯を安全に持ち運ぶ方法; ショルダーストラップの利便性; 手帳型の保護機能; iPhoneケースのカラーバリエーション; 肩掛けで楽に持ち運べる; デザイン性と機能性の両立
38,リュック メンズ ビジネス 15.6インチ おしゃれ ビジネスリュック 通勤バッグ 通学バッグ大容量 超軽量 防水 撥水加工 耐摩耗 汚れ防止 パソコン 3WAY ノートPC バイク 通勤 通学 出張 旅行 収納 ブラック グレー シンプル 560g あす楽,ビジネスシーンに最適な15.6インチ対応のおしゃれリュック,通勤にぴったりなビジネスリュック; 15.6インチノートPCも収納可能; 超軽量560gで持ち運び楽々; 撥水加工で雨の日も安心; 大容量で荷物もたっぷり収納; シンプルなデザインが魅力; 耐摩耗性が高く長持ち; 汚れ防止機能でいつでも清潔; 通学にも適したスタイリッシュな形; 旅行にも最適な3WAY仕様; バイク通勤でも使いやすい; ブラックとグレーの2色展開; おしゃれで機能的なリュック; 出張時にも役立つ収納力; 毎日の通勤を快適にするアイテム; シンプルで飽きの来ないデザイン; 使いやすさを追求した設計; ビジネスとプライベート両方に対応; 軽量設計で肩への負担軽減; 高機能を兼ね備えたリュック
39,iPhoneフィルム 覗き見防止 17 16e 16 15 14 ガラスフィルム 覗きみ 12promax iPhone16Pro 16promax アイフォン プライバシー のぞき見防止 横から見えない ガラスシート 画面フィルム 指紋防止,iPhoneを守る覗き見防止ガラスフィルムでプライバシーを確保しよう！,iPhoneの画面をしっかり守るフィルム; 覗き見防止で安心のプライバシー; 指紋防止機能付きのガラスシート; 16シリーズ対応の高品質フィルム; 横から見えない設計で安心感アップ; 12pro maxにも対応したアイフォンフィルム; 透明感あふれる画面保護; 簡単に貼れるガラスフィルム; 高耐久性で長持ちするフィルム; 視認性を損なわない優れたデザイン; iPhone16Pro専用のフィルム; 覗き見を防ぐための最適解; 美しい画面をいつでもキープ; フィルム貼り付けも簡単で安心; 手触りが良い指紋防止フィルム; 16promaxにぴったりフィット; 安心して使えるプライバシー保護; 高品質なガラス素材を使用; 視界を遮らないクリアな仕上がり; あなたのiPhoneをスタイリッシュに保護
40,iPhone14ProMaxケース MagSafe充電対応カバー マグネット iPhone12promax マグセーフケース 13promax リング付きケース 13proケース MagSafe スマホカバー マグセーフ 14プラス 14プロ ワイヤレス充電対応,iPhone14ProMaxを守る、MagSafe充電対応のスタイリッシュなケース,iPhone14ProMax用の高品質ケース; MagSafe充電対応のスマホカバー; マグネット式のiPhoneケース; iPhone12promaxに最適なカバー; 13promax用のリング付きケース; 13proケースでスタイルをアップ; MagSafe対応のスマホアクセサリー; ワイヤレス充電が可能なカバー; 14プラス用の強化ケース; 14プロのためのデザイン性抜群ケース; 耐衝撃性のiPhoneケース; 手に馴染むリング付きデザイン; シンプルで機能的なスマホカバー; マグセーフで便利な充電; おしゃれなiPhoneケース; 軽量で持ち運びやすいカバー; スタイリッシュな保護ケース; iPhoneをしっかり守るマグネットケース; デイリーユースに最適なカバー; 機能美を追求したスマホケース
41,ICカードリーダー 確定申告 マイナンバー対応 Type-C ライター マイナポイント ICチップ SD MicroSD SIM e-Tax Windows Mac 対応,確定申告もこれ一台！マイナンバー対応のICカードリーダー,ICカードリーダーで簡単申告; マイナンバー対応の便利なツール; Type-C接続で使いやすさ抜群; e-Tax対応でスムーズな申告; WindowsとMac両方に対応; ICチップやSIMカードも扱える; SDカードやMicroSDにも対応; 確定申告がもっと簡単に; マイナポイントの取得をサポート; 手軽に使えるICカードリーダー; デジタル申告の必需品; 申告準備が楽になるアイテム; 信頼のブランドで安心; 高性能なカードリーダー; コンパクトで持ち運びに便利; 最新の接続技術を搭載; 業務効率が向上するアイテム; 自宅で簡単に申告手続き; マイナンバーを安全に管理; 確定申告をもっとスムーズに
42,【楽天1位 もうMicroUSBいらない】typeC 2つ マルチケーブル 3in1ケーブル 急速 type-cケーブル 業務用 USB 充電器 タイプC 三又 TypeC 充電 iPhone16対応 同時充電 ライトニング Switch 5A 1m 三又 急速充電 3in1充電ケーブル ブラック 法人 まとめ買い 大量購入 オフィス,もうMicroUSBはいらない！急速充電対応の3in1マルチケーブル,急速充電が可能なケーブル; タイプCとライトニング対応; 3つの端子を持つ便利なケーブル; オフィスで使えるマルチケーブル; iPhone16にも対応した充電器; 法人向けの大量購入に最適; Switchにも対応した充電ケーブル; 1mの長さで使いやすい; ブラックカラーでスタイリッシュ; 業務用に最適な充電ソリューション; まとめ買いでお得な価格; 同時充電ができる便利アイテム; 急速充電で時間を節約; 多機能で使い勝手抜群; 家庭でもオフィスでも大活躍; 信頼の楽天1位商品; 充電のストレスを解消; コンパクトで持ち運び便利; 高品質な素材を使用; 安心の国内配送; 充電が速いと評判のケーブル
43,ギャラクシー 手帳型 A22 5G S21 耐衝撃 携帯カバー  Galaxy A22 5G S21 スマホケース レザー ピタッと 海外版ギャラクシー a22 Galaxy SC-56B SC-51B SM-A226 シンプル 送料無料,ギャラクシーA22 5GとS21を守る、耐衝撃手帳型カバー登場！,ギャラクシーA22のスマホケース; 耐衝撃携帯カバーの魅力; シンプルなデザインの手帳型; レザー素材で高級感アップ; 海外版ギャラクシー対応; 送料無料でお得に購入; A22 5Gをしっかり保護; スマホをスタイリッシュに; S21用の耐衝撃ケース; 手帳型カバーの利便性; シンプルで使いやすい; レザーの手触りが心地よい; ギャラクシーをおしゃれに; 機能性とデザインを両立; 安心の耐衝撃性能; 手帳型でスマートに持ち運び; A22とS21の完璧な相性; 高品質なスマホケース; 日常使いに最適なカバー; ギャラクシーを守るベストチョイス
44,Xperia5 II 手帳型ケース ブラック ブラウン レッド Xperia5iiケース 1lllケース Xperia5 カバー SO52A SOG02 SO51B SOG02 エクスペリア ケース Xperia1lll エクスペリア 1lll レザー シンプル アンドロイド携帯カバー,Xperia5 IIにぴったりの手帳型ケースでスタイリッシュに保護,Xperia5 II用手帳型ケースのブラック; エレガントなブラウンのXperia5 IIケース; 鮮やかなレッドのXperia5 IIカバー; シンプルなデザインのXperia5iiケース; SO52A対応のエクスペリアケース; SOG02にフィットする手帳型カバー; SO51B用のスタイリッシュなケース; エクスペリア1lllのレザーケース; アンドロイド携帯を守るシンプルカバー; 高品質なXperia5カバーの選択肢; 手帳型デザインで使いやすいケース; Xperia5 II専用のカスタマイズケース; 持ち運びに便利なXperia5カバー; 耐久性に優れた手帳型ケース; おしゃれなXperia5 IIの保護カバー; 日常使いに最適なエクスペリアケース; Xperia5 IIをスタイリッシュに守る; 多機能なXperia5ii手帳型ケース; カラーバリエーション豊富な携帯カバー; エクスペリアをおしゃれに保護する
45,マグセーフ iphoneケース iPhone13promax ケース 手帳型 マグセーフ対応 iPhone14ケース 手帳型 スマホカバー  14Plus 14ProMax アイフォンケース ブラック 手帳型 マグセーフ携帯カバー 13pro マグネット ビジネス シンプル 置くだけ充電対応,マグセーフ対応の手帳型iPhoneケースでスタイリッシュに決める！,iPhone13pro用のマグセーフケース; 手帳型スマホカバーの便利さ; シンプルなデザインのiPhoneケース; マグネットで簡単に着脱可能; 置くだけ充電対応のケース; ビジネスシーンにも最適なカバー; iPhone14ProMax用の手帳型ケース; ブラックカラーで洗練された印象; 14Plusにぴったりのマグセーフカバー; iPhone13proのためのスタイリッシュな選択; マグセーフ携帯カバーの利便性; 手帳型ケースで安心の保護; ビジネスにも使えるシンプルデザイン; マグセーフ対応で充電もスムーズ; アイフォンケースで個性を演出; 手帳型でスマホをしっかり守る; マグネットの力でしっかり固定; iPhone14ケースで新しいスタイル; 手帳型で機能性とデザインを両立; スマホカバーの新しい選択肢
46,Type-C to Type-C ケーブル 2m 高速 pdケーブル iPhone充電用 タイプCケーブル iPhone17 1m 急速充電 180度回転 Type-C USB3.0 100W 5A 20Gbpsデータ転送 L字型 Android Switch タイプC 高速充電ケーブルTypeC ブラック 光る,iPhone17対応！180度回転で使いやすい高速Type-Cケーブル2m,Type-Cケーブルの便利さを実感; 急速充電が可能な高性能ケーブル; 180度回転で使いやすいデザイン; iPhone充電に最適な2mケーブル; Type-C USB3.0でデータ転送もスムーズ; SwitchやAndroidにも対応したケーブル; ブラックカラーでスタイリッシュな外観; 100W 5Aのパワフルな充電能力; 安心の急速充電で時間短縮; 光るデザインでおしゃれなアクセント; 長さ2mで使いやすさ抜群; データ転送速度は20Gbpsを実現; L字型コネクタで接続も簡単; iPhone17専用の充電ケーブル; 高品質な素材で耐久性も確保; 持ち運びに便利な軽量設計; 充電とデータ転送を同時に可能; 多機能を兼ね備えた優れたケーブル; 家庭でもオフィスでも活躍する; 多様なデバイスに対応した汎用性
47,【楽天1位獲得】USB4ケーブル 短い USB Type-C Thunderbolt4 急速充電対応 100W 40Gbps 高速データ転送 8K 映像出力 MacBook iPad iPhone17 対応 0.2m 20cm 50cm 1m 2m 選べる長さ ブラック,楽天1位獲得！USB4ケーブルで高速データ転送と急速充電を実現,USB4ケーブルの優れた性能; 短いケーブルで使いやすい; Thunderbolt4対応で高速; 100Wの急速充電が可能; 40Gbpsのデータ転送速度; 8K映像出力に対応; MacBookでの使用に最適; iPadやiPhone17にも対応; 選べるケーブルの長さ; ブラックカラーでスタイリッシュ; コンパクトな0.2mケーブル; 便利な20cmの長さ; 50cmの使いやすいサイズ; 1mで汎用性抜群; 2mのロングタイプも選択可; 充実した接続オプション; 高品質な素材を使用; 耐久性に優れた設計; 持ち運びに便利なサイズ; 充電とデータ転送を同時に
48,【楽天1位獲得】Thunderboltケーブル 高速充電 映像出力 Cタイプケーブル 100W USB typeC PD 高速データ転送 Type-C USB Type-C 急速充電 パソコン充電 1m 50cm 40Gbps USB3.1 Gen2 4K PD対応 MacBook ipad 11/12.9 ipad air5 mini6 7 iPhone16 15 対応,楽天1位獲得のThunderboltケーブルで高速充電と映像出力を実現！,Thunderboltケーブルで快適なデータ転送; USB Type-Cで急速充電が可能; 4K映像出力に対応した高性能ケーブル; MacBookやiPadに最適な1mタイプ; iPhone16や15にも対応する便利なケーブル; 高品質のUSB3.1 Gen2規格を採用; パソコン充電にも使える多機能ケーブル; 40Gbpsの超高速データ転送を実現; iPad Air5やMini6にも対応; 使いやすい50cmサイズも選べる; 急速充電で時間を節約; 信頼の楽天1位獲得商品; デザイン性にも優れたCタイプケーブル; 持ち運びに便利なコンパクトサイズ; 高い耐久性を誇るケーブル; 充電とデータ転送を同時に行える; 多様なデバイスに対応する汎用性; 家庭やオフィスで活躍するアイテム; 安心のPD対応で急速充電; 使いやすさを追求した設計
49,【オフィスに最適】typeC 2つ マルチケーブル 3in1ケーブル 急速 type-cケーブル 業務用 USB 充電器 タイプC 三又 TypeC 充電 iPhone16対応 同時充電 ライトニング Switch 5A 1m 三又 急速充電 3in2充電ケーブル ブラック 法人 まとめ買い 大量購入 オフィス,オフィスでの充電を快適にする3in1タイプCケーブル,オフィスで使える急速充電ケーブル; タイプC充電器で同時充電可能; iPhone16対応のマルチケーブル; 業務用に最適な充電ソリューション; ブラックのスタイリッシュなデザイン; 法人向けのまとめ買いが可能; Switchにも対応した便利なケーブル; 5Aの急速充電を実現する技術; 1mの長さで使いやすい; 三又タイプで多機能を実現; オフィス環境にぴったりのアイテム; 大量購入でコスト削減が可能; 充電のストレスを解消する製品; デバイスを同時に充電できる; 高品質なUSB充電器と組み合わせ; 使い勝手の良いマルチケーブル; 急速充電ができる業務用アイテム; オフィスでの効率を向上させる; 充電の手間を減らす便利な商品; スマートなオフィスライフを実現; 全てのデバイスに対応するケーブル
