商品名,キャッチコピー,ALT1,ALT2,ALT3,ALT4,ALT5,ALT6,ALT7,ALT8,ALT9,ALT10,ALT11,ALT12,ALT13,ALT14,ALT15,ALT16,ALT17,ALT18,ALT19,ALT20,自然度スコア
Cluster_0,Apple WatchとAirPodsを同時に充電できるワイヤレス充電器。 快適に使える高品質モデル。,。 洗練された構造。  洗練された構造。丁寧なものづくり。,。 洗練された構造。  洗練された構造。丁寧なものづくり。,。 洗練された構造。 理にかなった構造。  洗練された構造。 理にかなった構造。誠実に仕上げた設計。,。 機能美が光る仕上がり。 理にかなった構造。  機能美が光る仕上がり。 理にかなった構造。,。 性能を研ぎ澄ませた設計。  性能を研ぎ澄ませた設計。長く愛される品質。,。 洗練された構造。 落ち着きあるデザイン。  洗練された構造。 落ち着きあるデザイン。,。 性能を研ぎ澄ませた設計。 品のある佇まい。  性能を研ぎ澄ませた設計。 品のある佇まい。丁寧なものづくり。,。 機能美が光る仕上がり。 上質を感じさせる仕上がり。  機能美が光る仕上がり。 上質を感じさせる仕上がり。丁寧なものづくり。,。 機能美が光る仕上がり。 心地よい使い勝手。  機能美が光る仕上がり。 心地よい使い勝手。上質を支える構造。,。 性能を研ぎ澄ませた設計。  性能を研ぎ澄ませた設計。長く愛される品質。,。 性能を研ぎ澄ませた設計。  性能を研ぎ澄ませた設計。長く愛される品質。,。 性能を研ぎ澄ませた設計。  性能を研ぎ澄ませた設計。長く愛される品質。,。 性能を研ぎ澄ませた設計。  性能を研ぎ澄ませた設計。長く愛される品質。,。 性能を研ぎ澄ませた設計。  性能を研ぎ澄ませた設計。長く愛される品質。,。 洗練された構造。 理にかなった構造。  洗練された構造。 理にかなった構造。誠実に仕上げた設計。,。 洗練された構造。 理にかなった構造。  洗練された構造。 理にかなった構造。誠実に仕上げた設計。,。 洗練された構造。 理にかなった構造。  洗練された構造。 理にかなった構造。誠実に仕上げた設計。,。 洗練された構造。 理にかなった構造。  洗練された構造。 理にかなった構造。誠実に仕上げた設計。,。 洗練された構造。 理にかなった構造。  洗練された構造。 理にかなった構造。誠実に仕上げた設計。,。 洗練された構造。 理にかなった構造。  洗練された構造。 理にかなった構造。誠実に仕上げた設計。,0.386
Cluster_1,かわいさと耐衝撃性を兼ね備えたiPhone13プロケースで、スマートフォンをしっかり守ろう。 快適に使える高品質モデル。長く愛される品質。,。 穏やかに寄り添う仕上がり。  穏やかに寄り添う仕上がり。長く愛される品質。,。 理にかなった理にかなったシンプルささ。  理にかなった理にかなったシンプルささ。,。 穏やかに寄り添う仕上がり。  穏やかに寄り添う仕上がり。長く愛される品質。,。 穏やかに寄り添う仕上がり。  穏やかに寄り添う仕上がり。長く愛される品質。,。 上質な日常使い。 品のある佇まい。  上質な日常使い。 品のある佇まい。静かな佇まいで魅せる。,。 穏やかに寄り添う仕上がり。 上質を感じさせる仕上がり。  穏やかに寄り添う仕上がり。 上質を感じさせる仕上がり。静かな佇まいで魅せる。,。 上質な日常使い。 品のある佇まい。  上質な日常使い。 品のある佇まい。静かな佇まいで魅せる。,。 上質な日常使い。 品のある佇まい。  上質な日常使い。 品のある佇まい。静かな佇まいで魅せる。,。 穏やかに寄り添う仕上がり。 上質を感じさせる仕上がり。  穏やかに寄り添う仕上がり。 上質を感じさせる仕上がり。静かな佇まいで魅せる。,。 穏やかに寄り添う仕上がり。  穏やかに寄り添う仕上がり。長く愛される品質。,。 上質な日常使い。 落ち着きあるデザイン。  上質な日常使い。 落ち着きあるデザイン。誠実に仕上げた設計。,。 理にかなった理にかなったシンプルささ。  理にかなった理にかなったシンプルささ。,。 穏やかに寄り添う仕上がり。  穏やかに寄り添う仕上がり。長く愛される品質。,。 理にかなった理にかなったシンプルささ。 誠実なつくり。  理にかなった理にかなったシンプルささ。 誠実なつくり。丁寧なものづくり。,。 穏やかに寄り添う仕上がり。  穏やかに寄り添う仕上がり。長く愛される品質。,。 上質な日常使い。 落ち着きあるデザイン。  上質な日常使い。 落ち着きあるデザイン。誠実に仕上げた設計。,。 上質な日常使い。 落ち着きあるデザイン。  上質な日常使い。 落ち着きあるデザイン。誠実に仕上げた設計。,。 上質な日常使い。 落ち着きあるデザイン。  上質な日常使い。 落ち着きあるデザイン。誠実に仕上げた設計。,。 上質な日常使い。 落ち着きあるデザイン。  上質な日常使い。 落ち着きあるデザイン。誠実に仕上げた設計。,。 上質な日常使い。 落ち着きあるデザイン。  上質な日常使い。 落ち着きあるデザイン。誠実に仕上げた設計。,0.394
Cluster_2,iPhone13プロマックス専用のブルーライトカットフィルム。 快適に使える高品質モデル。,。 理にかなった理にかなったシンプルささ。 丁寧な手触り。  理にかなった理にかなったシンプルささ。 丁寧な手触り。誠実に仕上げた設計。,。 理にかなった理にかなったシンプルささ。 落ち着きあるデザイン。  理にかなった理にかなったシンプルささ。 落ち着きあるデザイン。長く愛される品質。,。 穏やかに寄り添う仕上がり。 理にかなった構造。  穏やかに寄り添う仕上がり。 理にかなった構造。,。 理にかなった理にかなったシンプルささ。 上質を感じさせる仕上がり。  理にかなった理にかなったシンプルささ。 上質を感じさせる仕上がり。丁寧なものづくり。,。 理にかなった理にかなったシンプルささ。  理にかなった理にかなったシンプルささ。,。 穏やかに寄り添う仕上がり。  穏やかに寄り添う仕上がり。長く愛される品質。,。 理にかなった理にかなったシンプルささ。  理にかなった理にかなったシンプルささ。,。 穏やかに寄り添う仕上がり。  穏やかに寄り添う仕上がり。長く愛される品質。,。 穏やかに寄り添う仕上がり。  穏やかに寄り添う仕上がり。長く愛される品質。,。 理にかなった理にかなったシンプルささ。  理にかなった理にかなったシンプルささ。,。 穏やかに寄り添う仕上がり。  穏やかに寄り添う仕上がり。長く愛される品質。,。 穏やかに寄り添う仕上がり。 理にかなった構造。  穏やかに寄り添う仕上がり。 理にかなった構造。,。 穏やかに寄り添う仕上がり。  穏やかに寄り添う仕上がり。長く愛される品質。,。 上質な日常使い。 落ち着きあるデザイン。  上質な日常使い。 落ち着きあるデザイン。誠実に仕上げた設計。,。 理にかなった理にかなったシンプルささ。  理にかなった理にかなったシンプルささ。,。 理にかなった理にかなったシンプルささ。 心地よい使い勝手。  理にかなった理にかなったシンプルささ。 心地よい使い勝手。,。 理にかなった理にかなったシンプルささ。  理にかなった理にかなったシンプルささ。,。 理にかなった理にかなったシンプルささ。  理にかなった理にかなったシンプルささ。,。 理にかなった理にかなったシンプルささ。  理にかなった理にかなったシンプルささ。,。 理にかなった理にかなったシンプルささ。  理にかなった理にかなったシンプルささ。,0.391
Cluster_3,指紋がつかないiPhone画面を守る高性能ガラスフィルム。 快適に使える高品質モデル。,。 上質な日常使い。 長く寄り添う設計。  上質な日常使い。 長く寄り添う設計。長く愛される品質。,。 上質な日常使い。 品のある佇まい。  上質な日常使い。 品のある佇まい。静かな佇まいで魅せる。,。 理にかなった理にかなったシンプルささ。 理にかなった構造。  理にかなった理にかなったシンプルささ。 理にかなった構造。,。 穏やかに寄り添う仕上がり。 理にかなった構造。  穏やかに寄り添う仕上がり。 理にかなった構造。,。 理にかなった理にかなったシンプルささ。 理にかなった構造。  理にかなった理にかなったシンプルささ。 理にかなった構造。,。 上質な日常使い。 丁寧な手触り。  上質な日常使い。 丁寧な手触り。誠実に仕上げた設計。,。 上質な日常使い。 長く寄り添う設計。  上質な日常使い。 長く寄り添う設計。長く愛される品質。,。 理にかなった理にかなったシンプルささ。  理にかなった理にかなったシンプルささ。,。 穏やかに寄り添う仕上がり。  穏やかに寄り添う仕上がり。長く愛される品質。,。 理にかなった理にかなったシンプルささ。  理にかなった理にかなったシンプルささ。,。 理にかなった理にかなったシンプルささ。  理にかなった理にかなったシンプルささ。,。 理にかなった理にかなったシンプルささ。  理にかなった理にかなったシンプルささ。,。 上質な日常使い。 長く寄り添う設計。  上質な日常使い。 長く寄り添う設計。長く愛される品質。,。 理にかなった理にかなったシンプルささ。  理にかなった理にかなったシンプルささ。,。 上質な日常使い。 丁寧な手触り。  上質な日常使い。 丁寧な手触り。誠実に仕上げた設計。,。 穏やかに寄り添う仕上がり。  穏やかに寄り添う仕上がり。長く愛される品質。,。 穏やかに寄り添う仕上がり。  穏やかに寄り添う仕上がり。長く愛される品質。,。 穏やかに寄り添う仕上がり。  穏やかに寄り添う仕上がり。長く愛される品質。,。 穏やかに寄り添う仕上がり。  穏やかに寄り添う仕上がり。長く愛される品質。,。 穏やかに寄り添う仕上がり。  穏やかに寄り添う仕上がり。長く愛される品質。,0.374
Cluster_4,楽天1位上品で知的な上品で知的なデザインさなワイヤレスイヤホンアクセサリー。 快適に使える高品質モデル。,。 理にかなった理にかなったシンプルささ。  理にかなった理にかなったシンプルささ。,。 理にかなった理にかなったシンプルささ。  理にかなった理にかなったシンプルささ。,。 穏やかに寄り添う仕上がり。  穏やかに寄り添う仕上がり。長く愛される品質。,。 穏やかに寄り添う仕上がり。 品のある佇まい。  穏やかに寄り添う仕上がり。 品のある佇まい。丁寧なものづくり。,。 穏やかに寄り添う仕上がり。 品のある佇まい。  穏やかに寄り添う仕上がり。 品のある佇まい。丁寧なものづくり。,。 穏やかに寄り添う仕上がり。 長く寄り添う設計。  穏やかに寄り添う仕上がり。 長く寄り添う設計。長く愛される品質。,。 穏やかに寄り添う仕上がり。  穏やかに寄り添う仕上がり。長く愛される品質。,。 上質な日常使い。 理にかなった構造。  上質な日常使い。 理にかなった構造。丁寧なものづくり。,。 穏やかに寄り添う仕上がり。  穏やかに寄り添う仕上がり。長く愛される品質。,。 穏やかに寄り添う仕上がり。  穏やかに寄り添う仕上がり。長く愛される品質。,。 理にかなった理にかなったシンプルささ。 心地よい使い勝手。  理にかなった理にかなったシンプルささ。 心地よい使い勝手。,。 理にかなった理にかなったシンプルささ。  理にかなった理にかなったシンプルささ。,。 上質な日常使い。 上質を感じさせる仕上がり。  上質な日常使い。 上質を感じさせる仕上がり。,。 上質な日常使い。 上質を感じさせる仕上がり。  上質な日常使い。 上質を感じさせる仕上がり。,。 上質な日常使い。 上質を感じさせる仕上がり。  上質な日常使い。 上質を感じさせる仕上がり。,。 上質な日常使い。 上質を感じさせる仕上がり。  上質な日常使い。 上質を感じさせる仕上がり。,。 上質な日常使い。 上質を感じさせる仕上がり。  上質な日常使い。 上質を感じさせる仕上がり。,。 上質な日常使い。 上質を感じさせる仕上がり。  上質な日常使い。 上質を感じさせる仕上がり。,。 上質な日常使い。 上質を感じさせる仕上がり。  上質な日常使い。 上質を感じさせる仕上がり。,。 上質な日常使い。 上質を感じさせる仕上がり。  上質な日常使い。 上質を感じさせる仕上がり。,0.362
Cluster_5,ビジネスに最適な静かに上質を感じさせる感あふれるアップルウォッチバンド。 快適に使える高品質モデル。長く愛される品質。,。 信頼を生む佇まい。 丁寧な手触り。  信頼を生む佇まい。 丁寧な手触り。上質を支える構造。,。 集中を支える静かなデザイン。  集中を支える静かなデザイン。丁寧なものづくり。,。 知的な印象を与える設計。  知的な印象を与える設計。,。 信頼を生む佇まい。 長く寄り添う設計。  信頼を生む佇まい。 長く寄り添う設計。,。 知的な印象を与える設計。 長く寄り添う設計。  知的な印象を与える設計。 長く寄り添う設計。,。 信頼を生む佇まい。 理にかなった構造。  信頼を生む佇まい。 理にかなった構造。,。 集中を支える静かなデザイン。  集中を支える静かなデザイン。丁寧なものづくり。,。 知的な印象を与える設計。  知的な印象を与える設計。,。 知的な印象を与える設計。 上質を感じさせる仕上がり。  知的な印象を与える設計。 上質を感じさせる仕上がり。,。 知的な印象を与える設計。  知的な印象を与える設計。,。 集中を支える静かなデザイン。  集中を支える静かなデザイン。丁寧なものづくり。,。 集中を支える静かなデザイン。  集中を支える静かなデザイン。丁寧なものづくり。,。 知的な印象を与える設計。 長く寄り添う設計。  知的な印象を与える設計。 長く寄り添う設計。,。 知的な印象を与える設計。 長く寄り添う設計。  知的な印象を与える設計。 長く寄り添う設計。,。 知的な印象を与える設計。 長く寄り添う設計。  知的な印象を与える設計。 長く寄り添う設計。,。 知的な印象を与える設計。 長く寄り添う設計。  知的な印象を与える設計。 長く寄り添う設計。,。 知的な印象を与える設計。 長く寄り添う設計。  知的な印象を与える設計。 長く寄り添う設計。,。 知的な印象を与える設計。 長く寄り添う設計。  知的な印象を与える設計。 長く寄り添う設計。,。 知的な印象を与える設計。 長く寄り添う設計。  知的な印象を与える設計。 長く寄り添う設計。,。 知的な印象を与える設計。 長く寄り添う設計。  知的な印象を与える設計。 長く寄り添う設計。,0.356
Cluster_6,上品で知的な上品で知的なデザインさで快適なアップルウォッチバンドを手に入れよう。 快適に使える高品質モデル。,。 理にかなった理にかなったシンプルささ。  理にかなった理にかなったシンプルささ。,。 穏やかに寄り添う仕上がり。  穏やかに寄り添う仕上がり。長く愛される品質。,。 理にかなった理にかなったシンプルささ。 上質を感じさせる仕上がり。  理にかなった理にかなったシンプルささ。 上質を感じさせる仕上がり。丁寧なものづくり。,。 穏やかに寄り添う仕上がり。  穏やかに寄り添う仕上がり。長く愛される品質。,。 理にかなった理にかなったシンプルささ。 上質を感じさせる仕上がり。  理にかなった理にかなったシンプルささ。 上質を感じさせる仕上がり。丁寧なものづくり。,。 理にかなった理にかなったシンプルささ。 品のある佇まい。  理にかなった理にかなったシンプルささ。 品のある佇まい。丁寧なものづくり。,。 理にかなった理にかなったシンプルささ。  理にかなった理にかなったシンプルささ。,。 理にかなった理にかなったシンプルささ。  理にかなった理にかなったシンプルささ。,。 理にかなった理にかなったシンプルささ。  理にかなった理にかなったシンプルささ。,。 穏やかに寄り添う仕上がり。  穏やかに寄り添う仕上がり。長く愛される品質。,。 理にかなった理にかなったシンプルささ。 品のある佇まい。  理にかなった理にかなったシンプルささ。 品のある佇まい。丁寧なものづくり。,。 穏やかに寄り添う仕上がり。 品のある佇まい。  穏やかに寄り添う仕上がり。 品のある佇まい。丁寧なものづくり。,。 穏やかに寄り添う仕上がり。 落ち着きあるデザイン。  穏やかに寄り添う仕上がり。 落ち着きあるデザイン。,。 理にかなった理にかなったシンプルささ。  理にかなった理にかなったシンプルささ。,。 理にかなった理にかなったシンプルささ。 丁寧な手触り。  理にかなった理にかなったシンプルささ。 丁寧な手触り。誠実に仕上げた設計。,。 理にかなった理にかなったシンプルささ。  理にかなった理にかなったシンプルささ。,。 穏やかに寄り添う仕上がり。  穏やかに寄り添う仕上がり。長く愛される品質。,。 穏やかに寄り添う仕上がり。  穏やかに寄り添う仕上がり。長く愛される品質。,。 穏やかに寄り添う仕上がり。  穏やかに寄り添う仕上がり。長く愛される品質。,。 穏やかに寄り添う仕上がり。  穏やかに寄り添う仕上がり。長く愛される品質。,0.398
Cluster_7,スタイリッシュで機能的なMacBook Proケースが、あなたの魅力を引き立てます。 快適に使える高品質モデル。,。 機能美が光る仕上がり。 理にかなった構造。  機能美が光る仕上がり。 理にかなった構造。,。 機能美が光る仕上がり。 上質を感じさせる仕上がり。  機能美が光る仕上がり。 上質を感じさせる仕上がり。丁寧なものづくり。,。 機能美が光る仕上がり。 長く寄り添う設計。  機能美が光る仕上がり。 長く寄り添う設計。丁寧なものづくり。,。 洗練された構造。  洗練された構造。丁寧なものづくり。,。 性能を研ぎ澄ませた設計。  性能を研ぎ澄ませた設計。長く愛される品質。,。 洗練された構造。  洗練された構造。丁寧なものづくり。,。 洗練された構造。 上質を感じさせる仕上がり。  洗練された構造。 上質を感じさせる仕上がり。長く愛される品質。,。 洗練された構造。 長く寄り添う設計。  洗練された構造。 長く寄り添う設計。丁寧なものづくり。,。 性能を研ぎ澄ませた設計。  性能を研ぎ澄ませた設計。長く愛される品質。,。 洗練された構造。 落ち着きあるデザイン。  洗練された構造。 落ち着きあるデザイン。,。 洗練された構造。  洗練された構造。丁寧なものづくり。,。 性能を研ぎ澄ませた設計。  性能を研ぎ澄ませた設計。長く愛される品質。,。 洗練された構造。  洗練された構造。丁寧なものづくり。,。 機能美が光る仕上がり。 心地よい使い勝手。  機能美が光る仕上がり。 心地よい使い勝手。上質を支える構造。,。 洗練された構造。  洗練された構造。丁寧なものづくり。,。 性能を研ぎ澄ませた設計。  性能を研ぎ澄ませた設計。長く愛される品質。,。 性能を研ぎ澄ませた設計。  性能を研ぎ澄ませた設計。長く愛される品質。,。 性能を研ぎ澄ませた設計。  性能を研ぎ澄ませた設計。長く愛される品質。,。 性能を研ぎ澄ませた設計。  性能を研ぎ澄ませた設計。長く愛される品質。,。 性能を研ぎ澄ませた設計。  性能を研ぎ澄ませた設計。長く愛される品質。,0.389
Cluster_8,エアーポッズを可愛く守る上品で知的な上品で知的なデザインさなシリコンケースで収納。 快適に使える高品質モデル。,。 やさしく整う空間づくり。 理にかなった構造。  やさしく整う空間づくり。 理にかなった構造。静かな佇まいで魅せる。,。 暮らしに寄り添う設計。  暮らしに寄り添う設計。,。 やさしく整う空間づくり。  やさしく整う空間づくり。,。 穏やかな日常を支える品質。  穏やかな日常を支える品質。誠実に仕上げた設計。,。 暮らしに寄り添う設計。 心地よい使い勝手。  暮らしに寄り添う設計。 心地よい使い勝手。,。 穏やかな日常を支える品質。 上質を感じさせる仕上がり。  穏やかな日常を支える品質。 上質を感じさせる仕上がり。静かな佇まいで魅せる。,。 やさしく整う空間づくり。  やさしく整う空間づくり。,。 やさしく整う空間づくり。  やさしく整う空間づくり。,。 穏やかな日常を支える品質。  穏やかな日常を支える品質。誠実に仕上げた設計。,。 やさしく整う空間づくり。  やさしく整う空間づくり。,。 やさしく整う空間づくり。 落ち着きあるデザイン。  やさしく整う空間づくり。 落ち着きあるデザイン。上質を支える構造。,。 暮らしに寄り添う設計。 誠実なつくり。  暮らしに寄り添う設計。 誠実なつくり。誠実に仕上げた設計。,。 やさしく整う空間づくり。 理にかなった構造。  やさしく整う空間づくり。 理にかなった構造。静かな佇まいで魅せる。,。 やさしく整う空間づくり。 品のある佇まい。  やさしく整う空間づくり。 品のある佇まい。,。 穏やかな日常を支える品質。 落ち着きあるデザイン。  穏やかな日常を支える品質。 落ち着きあるデザイン。上質を支える構造。,。 暮らしに寄り添う設計。  暮らしに寄り添う設計。,。 やさしく整う空間づくり。  やさしく整う空間づくり。,。 やさしく整う空間づくり。  やさしく整う空間づくり。,。 暮らしに寄り添う設計。  暮らしに寄り添う設計。,。 暮らしに寄り添う設計。 品のある佇まい。  暮らしに寄り添う設計。 品のある佇まい。,0.386
Cluster_9,最強硬度9Hのフィルムで、ゲームを思いっきり楽しもう。 快適に使える高品質モデル。,。 穏やかに寄り添う仕上がり。 長く寄り添う設計。  穏やかに寄り添う仕上がり。 長く寄り添う設計。長く愛される品質。,。 理にかなった理にかなったシンプルささ。  理にかなった理にかなったシンプルささ。,。 理にかなった理にかなったシンプルささ。 長く寄り添う設計。  理にかなった理にかなったシンプルささ。 長く寄り添う設計。長く愛される品質。,。 上質な日常使い。 誠実なつくり。  上質な日常使い。 誠実なつくり。上質を支える構造。,。 穏やかに寄り添う仕上がり。  穏やかに寄り添う仕上がり。長く愛される品質。,。 上質な日常使い。 長く寄り添う設計。  上質な日常使い。 長く寄り添う設計。長く愛される品質。,。 穏やかに寄り添う仕上がり。  穏やかに寄り添う仕上がり。長く愛される品質。,。 上質な日常使い。 理にかなった構造。  上質な日常使い。 理にかなった構造。丁寧なものづくり。,。 理にかなった理にかなったシンプルささ。  理にかなった理にかなったシンプルささ。,。 穏やかに寄り添う仕上がり。  穏やかに寄り添う仕上がり。長く愛される品質。,。 理にかなった理にかなったシンプルささ。  理にかなった理にかなったシンプルささ。,。 穏やかに寄り添う仕上がり。  穏やかに寄り添う仕上がり。長く愛される品質。,。 上質な日常使い。 理にかなった構造。  上質な日常使い。 理にかなった構造。丁寧なものづくり。,。 上質な日常使い。 品のある佇まい。  上質な日常使い。 品のある佇まい。静かな佇まいで魅せる。,。 穏やかに寄り添う仕上がり。  穏やかに寄り添う仕上がり。長く愛される品質。,。 理にかなった理にかなったシンプルささ。 長く寄り添う設計。  理にかなった理にかなったシンプルささ。 長く寄り添う設計。長く愛される品質。,。 理にかなった理にかなったシンプルささ。 長く寄り添う設計。  理にかなった理にかなったシンプルささ。 長く寄り添う設計。長く愛される品質。,。 理にかなった理にかなったシンプルささ。 長く寄り添う設計。  理にかなった理にかなったシンプルささ。 長く寄り添う設計。長く愛される品質。,。 理にかなった理にかなったシンプルささ。 長く寄り添う設計。  理にかなった理にかなったシンプルささ。 長く寄り添う設計。長く愛される品質。,。 理にかなった理にかなったシンプルささ。 長く寄り添う設計。  理にかなった理にかなったシンプルささ。 長く寄り添う設計。長く愛される品質。,0.386
Cluster_10,今だけフィルムプレゼントiPhone 12 Pro Maxケースで大切なスマートフォンを守ろう。 快適に使える高品質モデル。静かな佇まいで魅せる。,。 理にかなった理にかなったシンプルささ。  理にかなった理にかなったシンプルささ。,。 理にかなった理にかなったシンプルささ。 丁寧な手触り。  理にかなった理にかなったシンプルささ。 丁寧な手触り。誠実に仕上げた設計。,。 穏やかに寄り添う仕上がり。  穏やかに寄り添う仕上がり。長く愛される品質。,。 上質な日常使い。 丁寧な手触り。  上質な日常使い。 丁寧な手触り。誠実に仕上げた設計。,。 理にかなった理にかなったシンプルささ。  理にかなった理にかなったシンプルささ。,。 理にかなった理にかなったシンプルささ。 落ち着きあるデザイン。  理にかなった理にかなったシンプルささ。 落ち着きあるデザイン。長く愛される品質。,。 理にかなった理にかなったシンプルささ。 上質を感じさせる仕上がり。  理にかなった理にかなったシンプルささ。 上質を感じさせる仕上がり。丁寧なものづくり。,。 上質な日常使い。 品のある佇まい。  上質な日常使い。 品のある佇まい。静かな佇まいで魅せる。,。 穏やかに寄り添う仕上がり。 上質を感じさせる仕上がり。  穏やかに寄り添う仕上がり。 上質を感じさせる仕上がり。静かな佇まいで魅せる。,。 穏やかに寄り添う仕上がり。 品のある佇まい。  穏やかに寄り添う仕上がり。 品のある佇まい。丁寧なものづくり。,。 上質な日常使い。 誠実なつくり。  上質な日常使い。 誠実なつくり。上質を支える構造。,。 理にかなった理にかなったシンプルささ。  理にかなった理にかなったシンプルささ。,。 理にかなった理にかなったシンプルささ。  理にかなった理にかなったシンプルささ。,。 穏やかに寄り添う仕上がり。  穏やかに寄り添う仕上がり。長く愛される品質。,。 穏やかに寄り添う仕上がり。 心地よい使い勝手。  穏やかに寄り添う仕上がり。 心地よい使い勝手。,。 理にかなった理にかなったシンプルささ。 理にかなった構造。  理にかなった理にかなったシンプルささ。 理にかなった構造。,。 穏やかに寄り添う仕上がり。  穏やかに寄り添う仕上がり。長く愛される品質。,。 穏やかに寄り添う仕上がり。  穏やかに寄り添う仕上がり。長く愛される品質。,。 理にかなった理にかなったシンプルささ。 理にかなった構造。  理にかなった理にかなったシンプルささ。 理にかなった構造。,。 理にかなった理にかなったシンプルささ。 理にかなった構造。  理にかなった理にかなったシンプルささ。 理にかなった構造。,0.412
Cluster_11,360度回転で使いやすい、軽やかな軽さでスタイリッシュなiPadケース。 快適に使える高品質モデル。,。 穏やかに寄り添う仕上がり。  穏やかに寄り添う仕上がり。長く愛される品質。,。 理にかなった理にかなったシンプルささ。 落ち着きあるデザイン。  理にかなった理にかなったシンプルささ。 落ち着きあるデザイン。長く愛される品質。,。 上質な日常使い。 丁寧な手触り。  上質な日常使い。 丁寧な手触り。誠実に仕上げた設計。,。 上質な日常使い。 長く寄り添う設計。  上質な日常使い。 長く寄り添う設計。長く愛される品質。,。 穏やかに寄り添う仕上がり。  穏やかに寄り添う仕上がり。長く愛される品質。,。 穏やかに寄り添う仕上がり。  穏やかに寄り添う仕上がり。長く愛される品質。,。 理にかなった理にかなったシンプルささ。 心地よい使い勝手。  理にかなった理にかなったシンプルささ。 心地よい使い勝手。,。 理にかなった理にかなったシンプルささ。  理にかなった理にかなったシンプルささ。,。 穏やかに寄り添う仕上がり。 長く寄り添う設計。  穏やかに寄り添う仕上がり。 長く寄り添う設計。長く愛される品質。,。 穏やかに寄り添う仕上がり。  穏やかに寄り添う仕上がり。長く愛される品質。,。 上質な日常使い。 上質を感じさせる仕上がり。  上質な日常使い。 上質を感じさせる仕上がり。,。 上質な日常使い。 長く寄り添う設計。  上質な日常使い。 長く寄り添う設計。長く愛される品質。,。 理にかなった理にかなったシンプルささ。  理にかなった理にかなったシンプルささ。,。 上質な日常使い。 落ち着きあるデザイン。  上質な日常使い。 落ち着きあるデザイン。誠実に仕上げた設計。,。 穏やかに寄り添う仕上がり。 心地よい使い勝手。  穏やかに寄り添う仕上がり。 心地よい使い勝手。,。 上質な日常使い。 長く寄り添う設計。  上質な日常使い。 長く寄り添う設計。長く愛される品質。,。 穏やかに寄り添う仕上がり。 理にかなった構造。  穏やかに寄り添う仕上がり。 理にかなった構造。,。 理にかなった理にかなったシンプルささ。 理にかなった構造。  理にかなった理にかなったシンプルささ。 理にかなった構造。,。 理にかなった理にかなったシンプルささ。 理にかなった構造。  理にかなった理にかなったシンプルささ。 理にかなった構造。,。 理にかなった理にかなったシンプルささ。 理にかなった構造。  理にかなった理にかなったシンプルささ。 理にかなった構造。,0.403
Cluster_12,大人の女性に最適なフィットネス水着で、ジムも海も楽しもう。 快適に使える高品質モデル。上質を支える構造。,。 理にかなった理にかなったシンプルささ。  理にかなった理にかなったシンプルささ。,。 穏やかに寄り添う仕上がり。 上質を感じさせる仕上がり。  穏やかに寄り添う仕上がり。 上質を感じさせる仕上がり。静かな佇まいで魅せる。,。 穏やかに寄り添う仕上がり。  穏やかに寄り添う仕上がり。長く愛される品質。,。 穏やかに寄り添う仕上がり。 上質を感じさせる仕上がり。  穏やかに寄り添う仕上がり。 上質を感じさせる仕上がり。静かな佇まいで魅せる。,。 理にかなった理にかなったシンプルささ。  理にかなった理にかなったシンプルささ。,。 上質な日常使い。 落ち着きあるデザイン。  上質な日常使い。 落ち着きあるデザイン。誠実に仕上げた設計。,。 理にかなった理にかなったシンプルささ。 丁寧な手触り。  理にかなった理にかなったシンプルささ。 丁寧な手触り。誠実に仕上げた設計。,。 上質な日常使い。 誠実なつくり。  上質な日常使い。 誠実なつくり。上質を支える構造。,。 上質な日常使い。 理にかなった構造。  上質な日常使い。 理にかなった構造。丁寧なものづくり。,。 上質な日常使い。 心地よい使い勝手。  上質な日常使い。 心地よい使い勝手。誠実に仕上げた設計。,。 穏やかに寄り添う仕上がり。  穏やかに寄り添う仕上がり。長く愛される品質。,。 理にかなった理にかなったシンプルささ。 丁寧な手触り。  理にかなった理にかなったシンプルささ。 丁寧な手触り。誠実に仕上げた設計。,。 上質な日常使い。 丁寧な手触り。  上質な日常使い。 丁寧な手触り。誠実に仕上げた設計。,。 理にかなった理にかなったシンプルささ。  理にかなった理にかなったシンプルささ。,。 上質な日常使い。 品のある佇まい。  上質な日常使い。 品のある佇まい。静かな佇まいで魅せる。,。 理にかなった理にかなったシンプルささ。 心地よい使い勝手。  理にかなった理にかなったシンプルささ。 心地よい使い勝手。,。 理にかなった理にかなったシンプルささ。  理にかなった理にかなったシンプルささ。,。 理にかなった理にかなったシンプルささ。  理にかなった理にかなったシンプルささ。,。 理にかなった理にかなったシンプルささ。  理にかなった理にかなったシンプルささ。,。 理にかなった理にかなったシンプルささ。  理にかなった理にかなったシンプルささ。,0.399
Cluster_13,大きいサイズも揃った、理にかなった理にかなったシンプルささでさりげなく愛らしいフィットネス水着を今すぐチェック。 快適に使える高品質モデル。丁寧なものづくり。,。 軽やかに魅せるデザイン。  軽やかに魅せるデザイン。長く愛される品質。,。 知的で穏やかな華やかさ。 誠実なつくり。  知的で穏やかな華やかさ。 誠実なつくり。長く愛される品質。,。 知的で穏やかな華やかさ。 上質を感じさせる仕上がり。  知的で穏やかな華やかさ。 上質を感じさせる仕上がり。長く愛される品質。,。 上品で柔らかな印象。  上品で柔らかな印象。上質を支える構造。,。 上品で柔らかな印象。 落ち着きあるデザイン。  上品で柔らかな印象。 落ち着きあるデザイン。,。 上品で柔らかな印象。 長く寄り添う設計。  上品で柔らかな印象。 長く寄り添う設計。静かな佇まいで魅せる。,。 軽やかに魅せるデザイン。  軽やかに魅せるデザイン。長く愛される品質。,。 上品で柔らかな印象。  上品で柔らかな印象。上質を支える構造。,。 上品で柔らかな印象。 誠実なつくり。  上品で柔らかな印象。 誠実なつくり。長く愛される品質。,。 上品で柔らかな印象。 上質を感じさせる仕上がり。  上品で柔らかな印象。 上質を感じさせる仕上がり。丁寧なものづくり。,。 上品で柔らかな印象。  上品で柔らかな印象。上質を支える構造。,。 上品で柔らかな印象。  上品で柔らかな印象。上質を支える構造。,。 上品で柔らかな印象。 上質を感じさせる仕上がり。  上品で柔らかな印象。 上質を感じさせる仕上がり。丁寧なものづくり。,。 知的で穏やかな華やかさ。 丁寧な手触り。  知的で穏やかな華やかさ。 丁寧な手触り。丁寧なものづくり。,。 軽やかに魅せるデザイン。  軽やかに魅せるデザイン。長く愛される品質。,。 軽やかに魅せるデザイン。  軽やかに魅せるデザイン。長く愛される品質。,。 軽やかに魅せるデザイン。  軽やかに魅せるデザイン。長く愛される品質。,。 軽やかに魅せるデザイン。  軽やかに魅せるデザイン。長く愛される品質。,。 軽やかに魅せるデザイン。  軽やかに魅せるデザイン。長く愛される品質。,。 軽やかに魅せるデザイン。  軽やかに魅せるデザイン。長く愛される品質。,0.401
Cluster_14,楽天1位子どもにぴったりの水着セットで、楽しい夏を満喫しよう。 快適に使える高品質モデル。丁寧なものづくり。,。 理にかなった理にかなったシンプルささ。  理にかなった理にかなったシンプルささ。,。 穏やかに寄り添う仕上がり。  穏やかに寄り添う仕上がり。長く愛される品質。,。 穏やかに寄り添う仕上がり。  穏やかに寄り添う仕上がり。長く愛される品質。,。 理にかなった理にかなったシンプルささ。 丁寧な手触り。  理にかなった理にかなったシンプルささ。 丁寧な手触り。誠実に仕上げた設計。,。 穏やかに寄り添う仕上がり。  穏やかに寄り添う仕上がり。長く愛される品質。,。 穏やかに寄り添う仕上がり。  穏やかに寄り添う仕上がり。長く愛される品質。,。 理にかなった理にかなったシンプルささ。  理にかなった理にかなったシンプルささ。,。 上質な日常使い。 品のある佇まい。  上質な日常使い。 品のある佇まい。静かな佇まいで魅せる。,。 穏やかに寄り添う仕上がり。 理にかなった構造。  穏やかに寄り添う仕上がり。 理にかなった構造。,。 穏やかに寄り添う仕上がり。  穏やかに寄り添う仕上がり。長く愛される品質。,。 上質な日常使い。 長く寄り添う設計。  上質な日常使い。 長く寄り添う設計。長く愛される品質。,。 理にかなった理にかなったシンプルささ。  理にかなった理にかなったシンプルささ。,。 理にかなった理にかなったシンプルささ。  理にかなった理にかなったシンプルささ。,。 理にかなった理にかなったシンプルささ。  理にかなった理にかなったシンプルささ。,。 理にかなった理にかなったシンプルささ。  理にかなった理にかなったシンプルささ。,。 理にかなった理にかなったシンプルささ。  理にかなった理にかなったシンプルささ。,。 理にかなった理にかなったシンプルささ。  理にかなった理にかなったシンプルささ。,。 理にかなった理にかなったシンプルささ。  理にかなった理にかなったシンプルささ。,。 理にかなった理にかなったシンプルささ。  理にかなった理にかなったシンプルささ。,。 理にかなった理にかなったシンプルささ。  理にかなった理にかなったシンプルささ。,0.356
Cluster_15,楽天1位体温も測れるタッチレスオートソープディスペンサー。 快適に使える高品質モデル。長く愛される品質。,。 理にかなった理にかなったシンプルささ。 品のある佇まい。  理にかなった理にかなったシンプルささ。 品のある佇まい。丁寧なものづくり。,。 穏やかに寄り添う仕上がり。  穏やかに寄り添う仕上がり。長く愛される品質。,。 理にかなった理にかなったシンプルささ。 理にかなった構造。  理にかなった理にかなったシンプルささ。 理にかなった構造。,。 理にかなった理にかなったシンプルささ。 長く寄り添う設計。  理にかなった理にかなったシンプルささ。 長く寄り添う設計。長く愛される品質。,。 理にかなった理にかなったシンプルささ。  理にかなった理にかなったシンプルささ。,。 穏やかに寄り添う仕上がり。  穏やかに寄り添う仕上がり。長く愛される品質。,。 穏やかに寄り添う仕上がり。  穏やかに寄り添う仕上がり。長く愛される品質。,。 上質な日常使い。 長く寄り添う設計。  上質な日常使い。 長く寄り添う設計。長く愛される品質。,。 理にかなった理にかなったシンプルささ。  理にかなった理にかなったシンプルささ。,。 穏やかに寄り添う仕上がり。  穏やかに寄り添う仕上がり。長く愛される品質。,。 穏やかに寄り添う仕上がり。 心地よい使い勝手。  穏やかに寄り添う仕上がり。 心地よい使い勝手。,。 穏やかに寄り添う仕上がり。 上質を感じさせる仕上がり。  穏やかに寄り添う仕上がり。 上質を感じさせる仕上がり。静かな佇まいで魅せる。,。 上質な日常使い。 品のある佇まい。  上質な日常使い。 品のある佇まい。静かな佇まいで魅せる。,。 穏やかに寄り添う仕上がり。 上質を感じさせる仕上がり。  穏やかに寄り添う仕上がり。 上質を感じさせる仕上がり。静かな佇まいで魅せる。,。 穏やかに寄り添う仕上がり。  穏やかに寄り添う仕上がり。長く愛される品質。,。 穏やかに寄り添う仕上がり。 丁寧な手触り。  穏やかに寄り添う仕上がり。 丁寧な手触り。上質を支える構造。,。 穏やかに寄り添う仕上がり。  穏やかに寄り添う仕上がり。長く愛される品質。,。 穏やかに寄り添う仕上がり。 落ち着きあるデザイン。  穏やかに寄り添う仕上がり。 落ち着きあるデザイン。,。 穏やかに寄り添う仕上がり。 落ち着きあるデザイン。  穏やかに寄り添う仕上がり。 落ち着きあるデザイン。,。 穏やかに寄り添う仕上がり。 落ち着きあるデザイン。  穏やかに寄り添う仕上がり。 落ち着きあるデザイン。,0.412
Cluster_16,上品で知的な上品で知的なデザインさで持ち運びに考え抜かれた考え抜かれた便利ささな犬用折りたたみフードボール。 快適に使える高品質モデル。丁寧なものづくり。,。 上質な日常使い。 上質を感じさせる仕上がり。  上質な日常使い。 上質を感じさせる仕上がり。,。 穏やかに寄り添う仕上がり。 心地よい使い勝手。  穏やかに寄り添う仕上がり。 心地よい使い勝手。,。 穏やかに寄り添う仕上がり。 理にかなった構造。  穏やかに寄り添う仕上がり。 理にかなった構造。,。 穏やかに寄り添う仕上がり。 上質を感じさせる仕上がり。  穏やかに寄り添う仕上がり。 上質を感じさせる仕上がり。静かな佇まいで魅せる。,。 穏やかに寄り添う仕上がり。  穏やかに寄り添う仕上がり。長く愛される品質。,。 穏やかに寄り添う仕上がり。  穏やかに寄り添う仕上がり。長く愛される品質。,。 理にかなった理にかなったシンプルささ。  理にかなった理にかなったシンプルささ。,。 理にかなった理にかなったシンプルささ。  理にかなった理にかなったシンプルささ。,。 上質な日常使い。 心地よい使い勝手。  上質な日常使い。 心地よい使い勝手。誠実に仕上げた設計。,。 理にかなった理にかなったシンプルささ。 落ち着きあるデザイン。  理にかなった理にかなったシンプルささ。 落ち着きあるデザイン。長く愛される品質。,。 穏やかに寄り添う仕上がり。 落ち着きあるデザイン。  穏やかに寄り添う仕上がり。 落ち着きあるデザイン。,。 上質な日常使い。 落ち着きあるデザイン。  上質な日常使い。 落ち着きあるデザイン。誠実に仕上げた設計。,。 理にかなった理にかなったシンプルささ。 誠実なつくり。  理にかなった理にかなったシンプルささ。 誠実なつくり。丁寧なものづくり。,。 上質な日常使い。 落ち着きあるデザイン。  上質な日常使い。 落ち着きあるデザイン。誠実に仕上げた設計。,。 穏やかに寄り添う仕上がり。  穏やかに寄り添う仕上がり。長く愛される品質。,。 穏やかに寄り添う仕上がり。  穏やかに寄り添う仕上がり。長く愛される品質。,。 穏やかに寄り添う仕上がり。  穏やかに寄り添う仕上がり。長く愛される品質。,。 穏やかに寄り添う仕上がり。  穏やかに寄り添う仕上がり。長く愛される品質。,。 穏やかに寄り添う仕上がり。  穏やかに寄り添う仕上がり。長く愛される品質。,。 穏やかに寄り添う仕上がり。  穏やかに寄り添う仕上がり。長く愛される品質。,0.397
Cluster_17,iPhone14プラスケースで全方位を守るアルミバンパーの衝撃吸収力を実感しよう。 快適に使える高品質モデル。上質を支える構造。,。 理にかなった理にかなったシンプルささ。 丁寧な手触り。  理にかなった理にかなったシンプルささ。 丁寧な手触り。誠実に仕上げた設計。,。 上質な日常使い。 理にかなった構造。  上質な日常使い。 理にかなった構造。丁寧なものづくり。,。 穏やかに寄り添う仕上がり。  穏やかに寄り添う仕上がり。長く愛される品質。,。 上質な日常使い。 品のある佇まい。  上質な日常使い。 品のある佇まい。静かな佇まいで魅せる。,。 理にかなった理にかなったシンプルささ。  理にかなった理にかなったシンプルささ。,。 穏やかに寄り添う仕上がり。  穏やかに寄り添う仕上がり。長く愛される品質。,。 上質な日常使い。 誠実なつくり。  上質な日常使い。 誠実なつくり。上質を支える構造。,。 理にかなった理にかなったシンプルささ。  理にかなった理にかなったシンプルささ。,。 穏やかに寄り添う仕上がり。 心地よい使い勝手。  穏やかに寄り添う仕上がり。 心地よい使い勝手。,。 穏やかに寄り添う仕上がり。  穏やかに寄り添う仕上がり。長く愛される品質。,。 穏やかに寄り添う仕上がり。  穏やかに寄り添う仕上がり。長く愛される品質。,。 穏やかに寄り添う仕上がり。  穏やかに寄り添う仕上がり。長く愛される品質。,。 理にかなった理にかなったシンプルささ。  理にかなった理にかなったシンプルささ。,。 理にかなった理にかなったシンプルささ。 落ち着きあるデザイン。  理にかなった理にかなったシンプルささ。 落ち着きあるデザイン。長く愛される品質。,。 上質な日常使い。 丁寧な手触り。  上質な日常使い。 丁寧な手触り。誠実に仕上げた設計。,。 理にかなった理にかなったシンプルささ。  理にかなった理にかなったシンプルささ。,。 理にかなった理にかなったシンプルささ。  理にかなった理にかなったシンプルささ。,。 理にかなった理にかなったシンプルささ。  理にかなった理にかなったシンプルささ。,。 理にかなった理にかなったシンプルささ。  理にかなった理にかなったシンプルささ。,。 理にかなった理にかなったシンプルささ。  理にかなった理にかなったシンプルささ。,0.38
Cluster_18,指紋がつかないさらさらフィルムで、快適操作を実現。 快適に使える高品質モデル。 指紋がつかないさらさらフィルムで、快適操作を実現。 快適に使える高品質モデル。上質を支える構造。,。 穏やかに寄り添う仕上がり。  穏やかに寄り添う仕上がり。長く愛される品質。,。 理にかなった理にかなったシンプルささ。 長く寄り添う設計。  理にかなった理にかなったシンプルささ。 長く寄り添う設計。長く愛される品質。,。 理にかなった理にかなったシンプルささ。 品のある佇まい。  理にかなった理にかなったシンプルささ。 品のある佇まい。丁寧なものづくり。,。 穏やかに寄り添う仕上がり。  穏やかに寄り添う仕上がり。長く愛される品質。,。 穏やかに寄り添う仕上がり。 誠実なつくり。  穏やかに寄り添う仕上がり。 誠実なつくり。上質を支える構造。,。 上質な日常使い。 品のある佇まい。  上質な日常使い。 品のある佇まい。静かな佇まいで魅せる。,。 穏やかに寄り添う仕上がり。 上質を感じさせる仕上がり。  穏やかに寄り添う仕上がり。 上質を感じさせる仕上がり。静かな佇まいで魅せる。,。 穏やかに寄り添う仕上がり。  穏やかに寄り添う仕上がり。長く愛される品質。,。 理にかなった理にかなったシンプルささ。  理にかなった理にかなったシンプルささ。,。 上質な日常使い。 心地よい使い勝手。  上質な日常使い。 心地よい使い勝手。誠実に仕上げた設計。,。 穏やかに寄り添う仕上がり。 心地よい使い勝手。  穏やかに寄り添う仕上がり。 心地よい使い勝手。,。 理にかなった理にかなったシンプルささ。  理にかなった理にかなったシンプルささ。,。 穏やかに寄り添う仕上がり。 誠実なつくり。  穏やかに寄り添う仕上がり。 誠実なつくり。上質を支える構造。,。 理にかなった理にかなったシンプルささ。  理にかなった理にかなったシンプルささ。,。 理にかなった理にかなったシンプルささ。  理にかなった理にかなったシンプルささ。,。 穏やかに寄り添う仕上がり。  穏やかに寄り添う仕上がり。長く愛される品質。,。 穏やかに寄り添う仕上がり。 心地よい使い勝手。  穏やかに寄り添う仕上がり。 心地よい使い勝手。,。 穏やかに寄り添う仕上がり。 心地よい使い勝手。  穏やかに寄り添う仕上がり。 心地よい使い勝手。,。 穏やかに寄り添う仕上がり。 心地よい使い勝手。  穏やかに寄り添う仕上がり。 心地よい使い勝手。,。 穏やかに寄り添う仕上がり。 心地よい使い勝手。  穏やかに寄り添う仕上がり。 心地よい使い勝手。,0.394
Cluster_19,特別な日を彩る110cmのキッズドレスで可愛さ倍増。 快適に使える高品質モデル。静かな佇まいで魅せる。,。 軽やかに魅せるデザイン。  軽やかに魅せるデザイン。長く愛される品質。,。 上品で柔らかな印象。  上品で柔らかな印象。上質を支える構造。,。 上品で柔らかな印象。  上品で柔らかな印象。上質を支える構造。,。 知的で穏やかな華やかさ。 誠実なつくり。  知的で穏やかな華やかさ。 誠実なつくり。長く愛される品質。,。 上品で柔らかな印象。  上品で柔らかな印象。上質を支える構造。,。 知的で穏やかな華やかさ。 理にかなった構造。  知的で穏やかな華やかさ。 理にかなった構造。,。 知的で穏やかな華やかさ。 落ち着きあるデザイン。  知的で穏やかな華やかさ。 落ち着きあるデザイン。,。 軽やかに魅せるデザイン。  軽やかに魅せるデザイン。長く愛される品質。,。 軽やかに魅せるデザイン。  軽やかに魅せるデザイン。長く愛される品質。,。 上品で柔らかな印象。  上品で柔らかな印象。上質を支える構造。,。 上品で柔らかな印象。  上品で柔らかな印象。上質を支える構造。,。 軽やかに魅せるデザイン。  軽やかに魅せるデザイン。長く愛される品質。,。 上品で柔らかな印象。  上品で柔らかな印象。上質を支える構造。,。 軽やかに魅せるデザイン。 心地よい使い勝手。  軽やかに魅せるデザイン。 心地よい使い勝手。丁寧なものづくり。,。 上品で柔らかな印象。 誠実なつくり。  上品で柔らかな印象。 誠実なつくり。長く愛される品質。,。 上品で柔らかな印象。 誠実なつくり。  上品で柔らかな印象。 誠実なつくり。長く愛される品質。,。 上品で柔らかな印象。 誠実なつくり。  上品で柔らかな印象。 誠実なつくり。長く愛される品質。,。 上品で柔らかな印象。 誠実なつくり。  上品で柔らかな印象。 誠実なつくり。長く愛される品質。,。 上品で柔らかな印象。 誠実なつくり。  上品で柔らかな印象。 誠実なつくり。長く愛される品質。,。 上品で柔らかな印象。 誠実なつくり。  上品で柔らかな印象。 誠実なつくり。長く愛される品質。,0.376
Cluster_20,アップルウォッチを守る高品質フィルムで、安心の毎日を手に入れよう。 快適に使える高品質モデル。長く愛される品質。,。 理にかなった理にかなったシンプルささ。 理にかなった構造。  理にかなった理にかなったシンプルささ。 理にかなった構造。,。 穏やかに寄り添う仕上がり。  穏やかに寄り添う仕上がり。長く愛される品質。,。 穏やかに寄り添う仕上がり。  穏やかに寄り添う仕上がり。長く愛される品質。,。 理にかなった理にかなったシンプルささ。 誠実なつくり。  理にかなった理にかなったシンプルささ。 誠実なつくり。丁寧なものづくり。,。 理にかなった理にかなったシンプルささ。 誠実なつくり。  理にかなった理にかなったシンプルささ。 誠実なつくり。丁寧なものづくり。,。 穏やかに寄り添う仕上がり。  穏やかに寄り添う仕上がり。長く愛される品質。,。 上質な日常使い。 丁寧な手触り。  上質な日常使い。 丁寧な手触り。誠実に仕上げた設計。,。 上質な日常使い。 上質を感じさせる仕上がり。  上質な日常使い。 上質を感じさせる仕上がり。,。 理にかなった理にかなったシンプルささ。  理にかなった理にかなったシンプルささ。,。 穏やかに寄り添う仕上がり。  穏やかに寄り添う仕上がり。長く愛される品質。,。 穏やかに寄り添う仕上がり。  穏やかに寄り添う仕上がり。長く愛される品質。,。 上質な日常使い。 丁寧な手触り。  上質な日常使い。 丁寧な手触り。誠実に仕上げた設計。,。 理にかなった理にかなったシンプルささ。  理にかなった理にかなったシンプルささ。,。 上質な日常使い。 心地よい使い勝手。  上質な日常使い。 心地よい使い勝手。誠実に仕上げた設計。,。 上質な日常使い。 上質を感じさせる仕上がり。  上質な日常使い。 上質を感じさせる仕上がり。,。 理にかなった理にかなったシンプルささ。  理にかなった理にかなったシンプルささ。,。 上質な日常使い。 誠実なつくり。  上質な日常使い。 誠実なつくり。上質を支える構造。,。 上質な日常使い。 誠実なつくり。  上質な日常使い。 誠実なつくり。上質を支える構造。,。 上質な日常使い。 誠実なつくり。  上質な日常使い。 誠実なつくり。上質を支える構造。,。 上質な日常使い。 誠実なつくり。  上質な日常使い。 誠実なつくり。上質を支える構造。,0.385
Cluster_21,iPhone2台を同時充電急速3in1充電ケーブルの決定版。 快適に使える高品質モデル。,。 性能を研ぎ澄ませた設計。  性能を研ぎ澄ませた設計。長く愛される品質。,。 性能を研ぎ澄ませた設計。  性能を研ぎ澄ませた設計。長く愛される品質。,。 機能美が光る仕上がり。 品のある佇まい。  機能美が光る仕上がり。 品のある佇まい。上質を支える構造。,。 性能を研ぎ澄ませた設計。  性能を研ぎ澄ませた設計。長く愛される品質。,。 洗練された構造。 落ち着きあるデザイン。  洗練された構造。 落ち着きあるデザイン。,。 洗練された構造。  洗練された構造。丁寧なものづくり。,。 性能を研ぎ澄ませた設計。 理にかなった構造。  性能を研ぎ澄ませた設計。 理にかなった構造。,。 性能を研ぎ澄ませた設計。  性能を研ぎ澄ませた設計。長く愛される品質。,。 性能を研ぎ澄ませた設計。  性能を研ぎ澄ませた設計。長く愛される品質。,。 洗練された構造。 品のある佇まい。  洗練された構造。 品のある佇まい。,。 洗練された構造。  洗練された構造。丁寧なものづくり。,。 性能を研ぎ澄ませた設計。 心地よい使い勝手。  性能を研ぎ澄ませた設計。 心地よい使い勝手。静かな佇まいで魅せる。,。 性能を研ぎ澄ませた設計。 長く寄り添う設計。  性能を研ぎ澄ませた設計。 長く寄り添う設計。,。 性能を研ぎ澄ませた設計。 上質を感じさせる仕上がり。  性能を研ぎ澄ませた設計。 上質を感じさせる仕上がり。長く愛される品質。,。 性能を研ぎ澄ませた設計。 理にかなった構造。  性能を研ぎ澄ませた設計。 理にかなった構造。,。 性能を研ぎ澄ませた設計。 理にかなった構造。  性能を研ぎ澄ませた設計。 理にかなった構造。,。 性能を研ぎ澄ませた設計。 理にかなった構造。  性能を研ぎ澄ませた設計。 理にかなった構造。,。 性能を研ぎ澄ませた設計。 理にかなった構造。  性能を研ぎ澄ませた設計。 理にかなった構造。,。 性能を研ぎ澄ませた設計。 理にかなった構造。  性能を研ぎ澄ませた設計。 理にかなった構造。,。 性能を研ぎ澄ませた設計。 理にかなった構造。  性能を研ぎ澄ませた設計。 理にかなった構造。,0.384
Cluster_22,MacBookをしっかり守る高性能フィルムで快適な視界を手に入れよう。 快適に使える高品質モデル。,。 性能を研ぎ澄ませた設計。 品のある佇まい。  性能を研ぎ澄ませた設計。 品のある佇まい。丁寧なものづくり。,。 洗練された構造。  洗練された構造。丁寧なものづくり。,。 洗練された構造。 丁寧な手触り。  洗練された構造。 丁寧な手触り。,。 洗練された構造。  洗練された構造。丁寧なものづくり。,。 性能を研ぎ澄ませた設計。  性能を研ぎ澄ませた設計。長く愛される品質。,。 性能を研ぎ澄ませた設計。  性能を研ぎ澄ませた設計。長く愛される品質。,。 性能を研ぎ澄ませた設計。  性能を研ぎ澄ませた設計。長く愛される品質。,。 性能を研ぎ澄ませた設計。 上質を感じさせる仕上がり。  性能を研ぎ澄ませた設計。 上質を感じさせる仕上がり。長く愛される品質。,。 性能を研ぎ澄ませた設計。  性能を研ぎ澄ませた設計。長く愛される品質。,。 洗練された構造。  洗練された構造。丁寧なものづくり。,。 洗練された構造。 品のある佇まい。  洗練された構造。 品のある佇まい。,。 性能を研ぎ澄ませた設計。  性能を研ぎ澄ませた設計。長く愛される品質。,。 洗練された構造。 長く寄り添う設計。  洗練された構造。 長く寄り添う設計。丁寧なものづくり。,。 性能を研ぎ澄ませた設計。 落ち着きあるデザイン。  性能を研ぎ澄ませた設計。 落ち着きあるデザイン。上質を支える構造。,。 性能を研ぎ澄ませた設計。  性能を研ぎ澄ませた設計。長く愛される品質。,。 性能を研ぎ澄ませた設計。  性能を研ぎ澄ませた設計。長く愛される品質。,。 性能を研ぎ澄ませた設計。  性能を研ぎ澄ませた設計。長く愛される品質。,。 性能を研ぎ澄ませた設計。  性能を研ぎ澄ませた設計。長く愛される品質。,。 性能を研ぎ澄ませた設計。  性能を研ぎ澄ませた設計。長く愛される品質。,。 性能を研ぎ澄ませた設計。  性能を研ぎ澄ませた設計。長く愛される品質。,0.385
Cluster_23,さりげなく愛らしいデザインの小型扇風機で、涼しさを手に入れよう。 快適に使える高品質モデル。,。 軽やかに魅せるデザイン。 心地よい使い勝手。  軽やかに魅せるデザイン。 心地よい使い勝手。丁寧なものづくり。,。 上品で柔らかな印象。  上品で柔らかな印象。上質を支える構造。,。 知的で穏やかな華やかさ。 落ち着きあるデザイン。  知的で穏やかな華やかさ。 落ち着きあるデザイン。,。 軽やかに魅せるデザイン。  軽やかに魅せるデザイン。長く愛される品質。,。 軽やかに魅せるデザイン。 長く寄り添う設計。  軽やかに魅せるデザイン。 長く寄り添う設計。誠実に仕上げた設計。,。 軽やかに魅せるデザイン。  軽やかに魅せるデザイン。長く愛される品質。,。 軽やかに魅せるデザイン。 心地よい使い勝手。  軽やかに魅せるデザイン。 心地よい使い勝手。丁寧なものづくり。,。 軽やかに魅せるデザイン。  軽やかに魅せるデザイン。長く愛される品質。,。 軽やかに魅せるデザイン。 理にかなった構造。  軽やかに魅せるデザイン。 理にかなった構造。,。 軽やかに魅せるデザイン。 丁寧な手触り。  軽やかに魅せるデザイン。 丁寧な手触り。,。 軽やかに魅せるデザイン。 誠実なつくり。  軽やかに魅せるデザイン。 誠実なつくり。,。 上品で柔らかな印象。  上品で柔らかな印象。上質を支える構造。,。 軽やかに魅せるデザイン。 長く寄り添う設計。  軽やかに魅せるデザイン。 長く寄り添う設計。誠実に仕上げた設計。,。 上品で柔らかな印象。  上品で柔らかな印象。上質を支える構造。,。 軽やかに魅せるデザイン。  軽やかに魅せるデザイン。長く愛される品質。,。 上品で柔らかな印象。  上品で柔らかな印象。上質を支える構造。,。 上品で柔らかな印象。  上品で柔らかな印象。上質を支える構造。,。 上品で柔らかな印象。  上品で柔らかな印象。上質を支える構造。,。 上品で柔らかな印象。  上品で柔らかな印象。上質を支える構造。,。 上品で柔らかな印象。  上品で柔らかな印象。上質を支える構造。,0.396
Cluster_24,旅行にぴったりの防水ポーチで、すべてをスマートに収納。 快適に使える高品質モデル。誠実に仕上げた設計。,。 洗練された構造。 理にかなった構造。  洗練された構造。 理にかなった構造。誠実に仕上げた設計。,。 洗練された構造。 誠実なつくり。  洗練された構造。 誠実なつくり。丁寧なものづくり。,。 洗練された構造。  洗練された構造。丁寧なものづくり。,。 機能美が光る仕上がり。 品のある佇まい。  機能美が光る仕上がり。 品のある佇まい。上質を支える構造。,。 機能美が光る仕上がり。 心地よい使い勝手。  機能美が光る仕上がり。 心地よい使い勝手。上質を支える構造。,。 洗練された構造。  洗練された構造。丁寧なものづくり。,。 洗練された構造。  洗練された構造。丁寧なものづくり。,。 機能美が光る仕上がり。 品のある佇まい。  機能美が光る仕上がり。 品のある佇まい。上質を支える構造。,。 機能美が光る仕上がり。 品のある佇まい。  機能美が光る仕上がり。 品のある佇まい。上質を支える構造。,。 性能を研ぎ澄ませた設計。  性能を研ぎ澄ませた設計。長く愛される品質。,。 性能を研ぎ澄ませた設計。  性能を研ぎ澄ませた設計。長く愛される品質。,。 性能を研ぎ澄ませた設計。  性能を研ぎ澄ませた設計。長く愛される品質。,。 性能を研ぎ澄ませた設計。 上質を感じさせる仕上がり。  性能を研ぎ澄ませた設計。 上質を感じさせる仕上がり。長く愛される品質。,。 洗練された構造。  洗練された構造。丁寧なものづくり。,。 洗練された構造。  洗練された構造。丁寧なものづくり。,。 洗練された構造。  洗練された構造。丁寧なものづくり。,。 洗練された構造。  洗練された構造。丁寧なものづくり。,。 洗練された構造。  洗練された構造。丁寧なものづくり。,。 洗練された構造。  洗練された構造。丁寧なものづくり。,。 洗練された構造。  洗練された構造。丁寧なものづくり。,0.381
Cluster_25,理にかなった理にかなったシンプルささで上品で知的な上品で知的なデザインさな二つ折り財布。コンパクトで使いやすい。 快適に使える高品質モデル。静かな佇まいで魅せる。,。 穏やかに寄り添う仕上がり。  穏やかに寄り添う仕上がり。長く愛される品質。,。 理にかなった理にかなったシンプルささ。 品のある佇まい。  理にかなった理にかなったシンプルささ。 品のある佇まい。丁寧なものづくり。,。 理にかなった理にかなったシンプルささ。 心地よい使い勝手。  理にかなった理にかなったシンプルささ。 心地よい使い勝手。,。 穏やかに寄り添う仕上がり。  穏やかに寄り添う仕上がり。長く愛される品質。,。 理にかなった理にかなったシンプルささ。  理にかなった理にかなったシンプルささ。,。 穏やかに寄り添う仕上がり。  穏やかに寄り添う仕上がり。長く愛される品質。,。 穏やかに寄り添う仕上がり。 誠実なつくり。  穏やかに寄り添う仕上がり。 誠実なつくり。上質を支える構造。,。 理にかなった理にかなったシンプルささ。  理にかなった理にかなったシンプルささ。,。 穏やかに寄り添う仕上がり。  穏やかに寄り添う仕上がり。長く愛される品質。,。 上質な日常使い。 上質を感じさせる仕上がり。  上質な日常使い。 上質を感じさせる仕上がり。,。 上質な日常使い。 誠実なつくり。  上質な日常使い。 誠実なつくり。上質を支える構造。,。 理にかなった理にかなったシンプルささ。  理にかなった理にかなったシンプルささ。,。 穏やかに寄り添う仕上がり。 心地よい使い勝手。  穏やかに寄り添う仕上がり。 心地よい使い勝手。,。 理にかなった理にかなったシンプルささ。  理にかなった理にかなったシンプルささ。,。 穏やかに寄り添う仕上がり。 理にかなった構造。  穏やかに寄り添う仕上がり。 理にかなった構造。,。 上質な日常使い。 丁寧な手触り。  上質な日常使い。 丁寧な手触り。誠実に仕上げた設計。,。 上質な日常使い。 丁寧な手触り。  上質な日常使い。 丁寧な手触り。誠実に仕上げた設計。,。 上質な日常使い。 丁寧な手触り。  上質な日常使い。 丁寧な手触り。誠実に仕上げた設計。,。 上質な日常使い。 丁寧な手触り。  上質な日常使い。 丁寧な手触り。誠実に仕上げた設計。,。 上質な日常使い。 丁寧な手触り。  上質な日常使い。 丁寧な手触り。誠実に仕上げた設計。,0.376
Cluster_26,3台同時充電可能なワイヤレス充電器。スマートフォンもApple Watchも、あっという間に急速充電。上質を支える構造。,。 性能を研ぎ澄ませた設計。 理にかなった構造。  性能を研ぎ澄ませた設計。 理にかなった構造。,。 性能を研ぎ澄ませた設計。  性能を研ぎ澄ませた設計。長く愛される品質。,。 性能を研ぎ澄ませた設計。  性能を研ぎ澄ませた設計。長く愛される品質。,。 洗練された構造。 品のある佇まい。  洗練された構造。 品のある佇まい。,。 機能美が光る仕上がり。 品のある佇まい。  機能美が光る仕上がり。 品のある佇まい。上質を支える構造。,。 機能美が光る仕上がり。 心地よい使い勝手。  機能美が光る仕上がり。 心地よい使い勝手。上質を支える構造。,。 機能美が光る仕上がり。 上質を感じさせる仕上がり。  機能美が光る仕上がり。 上質を感じさせる仕上がり。丁寧なものづくり。,。 性能を研ぎ澄ませた設計。  性能を研ぎ澄ませた設計。長く愛される品質。,。 洗練された構造。 長く寄り添う設計。  洗練された構造。 長く寄り添う設計。丁寧なものづくり。,。 性能を研ぎ澄ませた設計。 落ち着きあるデザイン。  性能を研ぎ澄ませた設計。 落ち着きあるデザイン。上質を支える構造。,。 機能美が光る仕上がり。 誠実なつくり。  機能美が光る仕上がり。 誠実なつくり。,。 性能を研ぎ澄ませた設計。  性能を研ぎ澄ませた設計。長く愛される品質。,。 性能を研ぎ澄ませた設計。  性能を研ぎ澄ませた設計。長く愛される品質。,。 洗練された構造。  洗練された構造。丁寧なものづくり。,。 洗練された構造。  洗練された構造。丁寧なものづくり。,。 洗練された構造。  洗練された構造。丁寧なものづくり。,。 洗練された構造。  洗練された構造。丁寧なものづくり。,。 洗練された構造。  洗練された構造。丁寧なものづくり。,。 洗練された構造。  洗練された構造。丁寧なものづくり。,。 洗練された構造。  洗練された構造。丁寧なものづくり。,0.382
Cluster_27,職人が丁寧に仕上げたエスニックなApple Watchバンド。 快適に使える高品質モデル。,。 洗練された構造。  洗練された構造。丁寧なものづくり。,。 性能を研ぎ澄ませた設計。  性能を研ぎ澄ませた設計。長く愛される品質。,。 性能を研ぎ澄ませた設計。 落ち着きあるデザイン。  性能を研ぎ澄ませた設計。 落ち着きあるデザイン。上質を支える構造。,。 性能を研ぎ澄ませた設計。  性能を研ぎ澄ませた設計。長く愛される品質。,。 洗練された構造。 丁寧な手触り。  洗練された構造。 丁寧な手触り。,。 性能を研ぎ澄ませた設計。  性能を研ぎ澄ませた設計。長く愛される品質。,。 洗練された構造。  洗練された構造。丁寧なものづくり。,。 性能を研ぎ澄ませた設計。  性能を研ぎ澄ませた設計。長く愛される品質。,。 性能を研ぎ澄ませた設計。  性能を研ぎ澄ませた設計。長く愛される品質。,。 洗練された構造。 長く寄り添う設計。  洗練された構造。 長く寄り添う設計。丁寧なものづくり。,。 性能を研ぎ澄ませた設計。  性能を研ぎ澄ませた設計。長く愛される品質。,。 洗練された構造。 理にかなった構造。  洗練された構造。 理にかなった構造。誠実に仕上げた設計。,。 性能を研ぎ澄ませた設計。 品のある佇まい。  性能を研ぎ澄ませた設計。 品のある佇まい。丁寧なものづくり。,。 性能を研ぎ澄ませた設計。  性能を研ぎ澄ませた設計。長く愛される品質。,。 性能を研ぎ澄ませた設計。  性能を研ぎ澄ませた設計。長く愛される品質。,。 性能を研ぎ澄ませた設計。  性能を研ぎ澄ませた設計。長く愛される品質。,。 性能を研ぎ澄ませた設計。  性能を研ぎ澄ませた設計。長く愛される品質。,。 性能を研ぎ澄ませた設計。  性能を研ぎ澄ませた設計。長く愛される品質。,。 性能を研ぎ澄ませた設計。  性能を研ぎ澄ませた設計。長く愛される品質。,。 性能を研ぎ澄ませた設計。  性能を研ぎ澄ませた設計。長く愛される品質。,0.38
Cluster_28,iPhoneを素早く充電するワイヤレス充電器で、快適な毎日を。 快適に使える高品質モデル。長く愛される品質。,。 洗練された構造。  洗練された構造。丁寧なものづくり。,。 洗練された構造。 落ち着きあるデザイン。  洗練された構造。 落ち着きあるデザイン。,。 性能を研ぎ澄ませた設計。 誠実なつくり。  性能を研ぎ澄ませた設計。 誠実なつくり。誠実に仕上げた設計。,。 洗練された構造。  洗練された構造。丁寧なものづくり。,。 性能を研ぎ澄ませた設計。  性能を研ぎ澄ませた設計。長く愛される品質。,。 性能を研ぎ澄ませた設計。  性能を研ぎ澄ませた設計。長く愛される品質。,。 洗練された構造。 理にかなった構造。  洗練された構造。 理にかなった構造。誠実に仕上げた設計。,。 機能美が光る仕上がり。 心地よい使い勝手。  機能美が光る仕上がり。 心地よい使い勝手。上質を支える構造。,。 洗練された構造。  洗練された構造。丁寧なものづくり。,。 性能を研ぎ澄ませた設計。 丁寧な手触り。  性能を研ぎ澄ませた設計。 丁寧な手触り。長く愛される品質。,。 洗練された構造。 長く寄り添う設計。  洗練された構造。 長く寄り添う設計。丁寧なものづくり。,。 性能を研ぎ澄ませた設計。  性能を研ぎ澄ませた設計。長く愛される品質。,。 機能美が光る仕上がり。 理にかなった構造。  機能美が光る仕上がり。 理にかなった構造。,。 洗練された構造。 理にかなった構造。  洗練された構造。 理にかなった構造。誠実に仕上げた設計。,。 洗練された構造。  洗練された構造。丁寧なものづくり。,。 性能を研ぎ澄ませた設計。 品のある佇まい。  性能を研ぎ澄ませた設計。 品のある佇まい。丁寧なものづくり。,。 性能を研ぎ澄ませた設計。 品のある佇まい。  性能を研ぎ澄ませた設計。 品のある佇まい。丁寧なものづくり。,。 性能を研ぎ澄ませた設計。 品のある佇まい。  性能を研ぎ澄ませた設計。 品のある佇まい。丁寧なものづくり。,。 性能を研ぎ澄ませた設計。 品のある佇まい。  性能を研ぎ澄ませた設計。 品のある佇まい。丁寧なものづくり。,。 性能を研ぎ澄ませた設計。 品のある佇まい。  性能を研ぎ澄ませた設計。 品のある佇まい。丁寧なものづくり。,0.391
Cluster_29,iPhone14Plusを守る、スタイリッシュなクリアケース。 快適に使える高品質モデル。誠実に仕上げた設計。,。 理にかなった理にかなったシンプルささ。  理にかなった理にかなったシンプルささ。,。 理にかなった理にかなったシンプルささ。  理にかなった理にかなったシンプルささ。,。 穏やかに寄り添う仕上がり。 理にかなった構造。  穏やかに寄り添う仕上がり。 理にかなった構造。,。 穏やかに寄り添う仕上がり。  穏やかに寄り添う仕上がり。長く愛される品質。,。 上質な日常使い。 丁寧な手触り。  上質な日常使い。 丁寧な手触り。誠実に仕上げた設計。,。 穏やかに寄り添う仕上がり。  穏やかに寄り添う仕上がり。長く愛される品質。,。 理にかなった理にかなったシンプルささ。 上質を感じさせる仕上がり。  理にかなった理にかなったシンプルささ。 上質を感じさせる仕上がり。丁寧なものづくり。,。 上質な日常使い。 理にかなった構造。  上質な日常使い。 理にかなった構造。丁寧なものづくり。,。 穏やかに寄り添う仕上がり。 誠実なつくり。  穏やかに寄り添う仕上がり。 誠実なつくり。上質を支える構造。,。 穏やかに寄り添う仕上がり。 丁寧な手触り。  穏やかに寄り添う仕上がり。 丁寧な手触り。上質を支える構造。,。 穏やかに寄り添う仕上がり。 上質を感じさせる仕上がり。  穏やかに寄り添う仕上がり。 上質を感じさせる仕上がり。静かな佇まいで魅せる。,。 理にかなった理にかなったシンプルささ。 理にかなった構造。  理にかなった理にかなったシンプルささ。 理にかなった構造。,。 理にかなった理にかなったシンプルささ。  理にかなった理にかなったシンプルささ。,。 理にかなった理にかなったシンプルささ。 丁寧な手触り。  理にかなった理にかなったシンプルささ。 丁寧な手触り。誠実に仕上げた設計。,。 穏やかに寄り添う仕上がり。  穏やかに寄り添う仕上がり。長く愛される品質。,。 理にかなった理にかなったシンプルささ。  理にかなった理にかなったシンプルささ。,。 穏やかに寄り添う仕上がり。  穏やかに寄り添う仕上がり。長く愛される品質。,。 穏やかに寄り添う仕上がり。  穏やかに寄り添う仕上がり。長く愛される品質。,。 穏やかに寄り添う仕上がり。  穏やかに寄り添う仕上がり。長く愛される品質。,。 穏やかに寄り添う仕上がり。  穏やかに寄り添う仕上がり。長く愛される品質。,0.396
Cluster_30,アップルウォッチを守る簡単取り付けの保護シール2枚セット。 快適に使える高品質モデル。,。 上質な日常使い。 理にかなった構造。  上質な日常使い。 理にかなった構造。丁寧なものづくり。,。 穏やかに寄り添う仕上がり。 落ち着きあるデザイン。  穏やかに寄り添う仕上がり。 落ち着きあるデザイン。,。 理にかなった理にかなったシンプルささ。 長く寄り添う設計。  理にかなった理にかなったシンプルささ。 長く寄り添う設計。長く愛される品質。,。 上質な日常使い。 品のある佇まい。  上質な日常使い。 品のある佇まい。静かな佇まいで魅せる。,。 上質な日常使い。 品のある佇まい。  上質な日常使い。 品のある佇まい。静かな佇まいで魅せる。,。 穏やかに寄り添う仕上がり。 心地よい使い勝手。  穏やかに寄り添う仕上がり。 心地よい使い勝手。,。 理にかなった理にかなったシンプルささ。  理にかなった理にかなったシンプルささ。,。 理にかなった理にかなったシンプルささ。 品のある佇まい。  理にかなった理にかなったシンプルささ。 品のある佇まい。丁寧なものづくり。,。 理にかなった理にかなったシンプルささ。  理にかなった理にかなったシンプルささ。,。 穏やかに寄り添う仕上がり。 長く寄り添う設計。  穏やかに寄り添う仕上がり。 長く寄り添う設計。長く愛される品質。,。 穏やかに寄り添う仕上がり。  穏やかに寄り添う仕上がり。長く愛される品質。,。 理にかなった理にかなったシンプルささ。 品のある佇まい。  理にかなった理にかなったシンプルささ。 品のある佇まい。丁寧なものづくり。,。 穏やかに寄り添う仕上がり。  穏やかに寄り添う仕上がり。長く愛される品質。,。 上質な日常使い。 落ち着きあるデザイン。  上質な日常使い。 落ち着きあるデザイン。誠実に仕上げた設計。,。 上質な日常使い。 上質を感じさせる仕上がり。  上質な日常使い。 上質を感じさせる仕上がり。,。 理にかなった理にかなったシンプルささ。  理にかなった理にかなったシンプルささ。,。 理にかなった理にかなったシンプルささ。  理にかなった理にかなったシンプルささ。,。 上質な日常使い。 落ち着きあるデザイン。  上質な日常使い。 落ち着きあるデザイン。誠実に仕上げた設計。,。 上質な日常使い。 落ち着きあるデザイン。  上質な日常使い。 落ち着きあるデザイン。誠実に仕上げた設計。,。 上質な日常使い。 落ち着きあるデザイン。  上質な日常使い。 落ち着きあるデザイン。誠実に仕上げた設計。,0.404
Cluster_31,ビジネスシーンにも最適なレザー製アップルウォッチバンド。 快適に使える高品質モデル。静かな佇まいで魅せる。,。 知的な印象を与える設計。  知的な印象を与える設計。,。 集中を支える静かなデザイン。 落ち着きあるデザイン。  集中を支える静かなデザイン。 落ち着きあるデザイン。,。 信頼を生む佇まい。 長く寄り添う設計。  信頼を生む佇まい。 長く寄り添う設計。,。 信頼を生む佇まい。 理にかなった構造。  信頼を生む佇まい。 理にかなった構造。,。 知的な印象を与える設計。 上質を感じさせる仕上がり。  知的な印象を与える設計。 上質を感じさせる仕上がり。,。 知的な印象を与える設計。 心地よい使い勝手。  知的な印象を与える設計。 心地よい使い勝手。上質を支える構造。,。 知的な印象を与える設計。 上質を感じさせる仕上がり。  知的な印象を与える設計。 上質を感じさせる仕上がり。,。 知的な印象を与える設計。  知的な印象を与える設計。,。 知的な印象を与える設計。  知的な印象を与える設計。,。 信頼を生む佇まい。 長く寄り添う設計。  信頼を生む佇まい。 長く寄り添う設計。,。 集中を支える静かなデザイン。  集中を支える静かなデザイン。丁寧なものづくり。,。 知的な印象を与える設計。 心地よい使い勝手。  知的な印象を与える設計。 心地よい使い勝手。上質を支える構造。,。 知的な印象を与える設計。 落ち着きあるデザイン。  知的な印象を与える設計。 落ち着きあるデザイン。上質を支える構造。,。 集中を支える静かなデザイン。 丁寧な手触り。  集中を支える静かなデザイン。 丁寧な手触り。静かな佇まいで魅せる。,。 集中を支える静かなデザイン。  集中を支える静かなデザイン。丁寧なものづくり。,。 知的な印象を与える設計。 落ち着きあるデザイン。  知的な印象を与える設計。 落ち着きあるデザイン。上質を支える構造。,。 知的な印象を与える設計。 心地よい使い勝手。  知的な印象を与える設計。 心地よい使い勝手。上質を支える構造。,。 知的な印象を与える設計。  知的な印象を与える設計。,。 知的な印象を与える設計。  知的な印象を与える設計。,。 知的な印象を与える設計。  知的な印象を与える設計。,0.399
Cluster_32,スタイリッシュなiPhoneケースで、カード収納もスマートに。 快適に使える高品質モデル。,。 洗練された構造。  洗練された構造。丁寧なものづくり。,。 洗練された構造。  洗練された構造。丁寧なものづくり。,。 洗練された構造。  洗練された構造。丁寧なものづくり。,。 洗練された構造。  洗練された構造。丁寧なものづくり。,。 性能を研ぎ澄ませた設計。 丁寧な手触り。  性能を研ぎ澄ませた設計。 丁寧な手触り。長く愛される品質。,。 洗練された構造。  洗練された構造。丁寧なものづくり。,。 洗練された構造。 品のある佇まい。  洗練された構造。 品のある佇まい。,。 性能を研ぎ澄ませた設計。 誠実なつくり。  性能を研ぎ澄ませた設計。 誠実なつくり。誠実に仕上げた設計。,。 洗練された構造。  洗練された構造。丁寧なものづくり。,。 洗練された構造。 誠実なつくり。  洗練された構造。 誠実なつくり。丁寧なものづくり。,。 洗練された構造。  洗練された構造。丁寧なものづくり。,。 洗練された構造。  洗練された構造。丁寧なものづくり。,。 性能を研ぎ澄ませた設計。  性能を研ぎ澄ませた設計。長く愛される品質。,。 性能を研ぎ澄ませた設計。  性能を研ぎ澄ませた設計。長く愛される品質。,。 洗練された構造。  洗練された構造。丁寧なものづくり。,。 洗練された構造。  洗練された構造。丁寧なものづくり。,。 洗練された構造。  洗練された構造。丁寧なものづくり。,。 洗練された構造。  洗練された構造。丁寧なものづくり。,。 洗練された構造。  洗練された構造。丁寧なものづくり。,。 洗練された構造。  洗練された構造。丁寧なものづくり。,0.37
Cluster_33,静かに上質を感じさせる感あふれるアップルウォッチバンドで上品で知的な上品で知的なデザインさを楽しもう。 快適に使える高品質モデル。丁寧なものづくり。,。 理にかなった理にかなったシンプルささ。  理にかなった理にかなったシンプルささ。,。 理にかなった理にかなったシンプルささ。  理にかなった理にかなったシンプルささ。,。 理にかなった理にかなったシンプルささ。  理にかなった理にかなったシンプルささ。,。 穏やかに寄り添う仕上がり。 落ち着きあるデザイン。  穏やかに寄り添う仕上がり。 落ち着きあるデザイン。,。 理にかなった理にかなったシンプルささ。 落ち着きあるデザイン。  理にかなった理にかなったシンプルささ。 落ち着きあるデザイン。長く愛される品質。,。 理にかなった理にかなったシンプルささ。  理にかなった理にかなったシンプルささ。,。 穏やかに寄り添う仕上がり。 理にかなった構造。  穏やかに寄り添う仕上がり。 理にかなった構造。,。 穏やかに寄り添う仕上がり。  穏やかに寄り添う仕上がり。長く愛される品質。,。 理にかなった理にかなったシンプルささ。 品のある佇まい。  理にかなった理にかなったシンプルささ。 品のある佇まい。丁寧なものづくり。,。 穏やかに寄り添う仕上がり。  穏やかに寄り添う仕上がり。長く愛される品質。,。 穏やかに寄り添う仕上がり。 落ち着きあるデザイン。  穏やかに寄り添う仕上がり。 落ち着きあるデザイン。,。 理にかなった理にかなったシンプルささ。 理にかなった構造。  理にかなった理にかなったシンプルささ。 理にかなった構造。,。 穏やかに寄り添う仕上がり。  穏やかに寄り添う仕上がり。長く愛される品質。,。 穏やかに寄り添う仕上がり。 落ち着きあるデザイン。  穏やかに寄り添う仕上がり。 落ち着きあるデザイン。,。 理にかなった理にかなったシンプルささ。  理にかなった理にかなったシンプルささ。,。 理にかなった理にかなったシンプルささ。  理にかなった理にかなったシンプルささ。,。 理にかなった理にかなったシンプルささ。  理にかなった理にかなったシンプルささ。,。 穏やかに寄り添う仕上がり。  穏やかに寄り添う仕上がり。長く愛される品質。,。 穏やかに寄り添う仕上がり。  穏やかに寄り添う仕上がり。長く愛される品質。,。 穏やかに寄り添う仕上がり。  穏やかに寄り添う仕上がり。長く愛される品質。,0.384
Cluster_34,iPhone14ケースで全方位を守る、薄型軽やかな軽さのフルカバーを手に入れよう。 快適に使える高品質モデル。静かな佇まいで魅せる。,。 穏やかに寄り添う仕上がり。 落ち着きあるデザイン。  穏やかに寄り添う仕上がり。 落ち着きあるデザイン。,。 穏やかに寄り添う仕上がり。  穏やかに寄り添う仕上がり。長く愛される品質。,。 穏やかに寄り添う仕上がり。  穏やかに寄り添う仕上がり。長く愛される品質。,。 穏やかに寄り添う仕上がり。  穏やかに寄り添う仕上がり。長く愛される品質。,。 理にかなった理にかなったシンプルささ。  理にかなった理にかなったシンプルささ。,。 理にかなった理にかなったシンプルささ。  理にかなった理にかなったシンプルささ。,。 上質な日常使い。 長く寄り添う設計。  上質な日常使い。 長く寄り添う設計。長く愛される品質。,。 理にかなった理にかなったシンプルささ。 上質を感じさせる仕上がり。  理にかなった理にかなったシンプルささ。 上質を感じさせる仕上がり。丁寧なものづくり。,。 理にかなった理にかなったシンプルささ。 長く寄り添う設計。  理にかなった理にかなったシンプルささ。 長く寄り添う設計。長く愛される品質。,。 穏やかに寄り添う仕上がり。  穏やかに寄り添う仕上がり。長く愛される品質。,。 穏やかに寄り添う仕上がり。 品のある佇まい。  穏やかに寄り添う仕上がり。 品のある佇まい。丁寧なものづくり。,。 理にかなった理にかなったシンプルささ。  理にかなった理にかなったシンプルささ。,。 穏やかに寄り添う仕上がり。 誠実なつくり。  穏やかに寄り添う仕上がり。 誠実なつくり。上質を支える構造。,。 理にかなった理にかなったシンプルささ。  理にかなった理にかなったシンプルささ。,。 理にかなった理にかなったシンプルささ。  理にかなった理にかなったシンプルささ。,。 穏やかに寄り添う仕上がり。 理にかなった構造。  穏やかに寄り添う仕上がり。 理にかなった構造。,。 穏やかに寄り添う仕上がり。  穏やかに寄り添う仕上がり。長く愛される品質。,。 上質な日常使い。 誠実なつくり。  上質な日常使い。 誠実なつくり。上質を支える構造。,。 理にかなった理にかなったシンプルささ。  理にかなった理にかなったシンプルささ。,。 理にかなった理にかなったシンプルささ。  理にかなった理にかなったシンプルささ。,0.399
Cluster_35,アップルウォッチを華やかに彩るパールバンド。 快適に使える高品質モデル。 アップルウォッチを華やかに彩るパールバンド。 快適に使える高品質モデル。長く愛される品質。,。 理にかなった理にかなったシンプルささ。  理にかなった理にかなったシンプルささ。,。 理にかなった理にかなったシンプルささ。  理にかなった理にかなったシンプルささ。,。 上質な日常使い。 落ち着きあるデザイン。  上質な日常使い。 落ち着きあるデザイン。誠実に仕上げた設計。,。 理にかなった理にかなったシンプルささ。 誠実なつくり。  理にかなった理にかなったシンプルささ。 誠実なつくり。丁寧なものづくり。,。 理にかなった理にかなったシンプルささ。 心地よい使い勝手。  理にかなった理にかなったシンプルささ。 心地よい使い勝手。,。 上質な日常使い。 理にかなった構造。  上質な日常使い。 理にかなった構造。丁寧なものづくり。,。 上質な日常使い。 長く寄り添う設計。  上質な日常使い。 長く寄り添う設計。長く愛される品質。,。 穏やかに寄り添う仕上がり。  穏やかに寄り添う仕上がり。長く愛される品質。,。 理にかなった理にかなったシンプルささ。 品のある佇まい。  理にかなった理にかなったシンプルささ。 品のある佇まい。丁寧なものづくり。,。 穏やかに寄り添う仕上がり。 誠実なつくり。  穏やかに寄り添う仕上がり。 誠実なつくり。上質を支える構造。,。 穏やかに寄り添う仕上がり。  穏やかに寄り添う仕上がり。長く愛される品質。,。 理にかなった理にかなったシンプルささ。 上質を感じさせる仕上がり。  理にかなった理にかなったシンプルささ。 上質を感じさせる仕上がり。丁寧なものづくり。,。 穏やかに寄り添う仕上がり。  穏やかに寄り添う仕上がり。長く愛される品質。,。 理にかなった理にかなったシンプルささ。  理にかなった理にかなったシンプルささ。,。 穏やかに寄り添う仕上がり。  穏やかに寄り添う仕上がり。長く愛される品質。,。 理にかなった理にかなったシンプルささ。  理にかなった理にかなったシンプルささ。,。 理にかなった理にかなったシンプルささ。  理にかなった理にかなったシンプルささ。,。 穏やかに寄り添う仕上がり。  穏やかに寄り添う仕上がり。長く愛される品質。,。 穏やかに寄り添う仕上がり。  穏やかに寄り添う仕上がり。長く愛される品質。,。 穏やかに寄り添う仕上がり。  穏やかに寄り添う仕上がり。長く愛される品質。,0.401
Cluster_36,女性のための華やかなフォーマルアップルウォッチバンド。 快適に使える高品質モデル。,。 上質な日常使い。 長く寄り添う設計。  上質な日常使い。 長く寄り添う設計。長く愛される品質。,。 穏やかに寄り添う仕上がり。  穏やかに寄り添う仕上がり。長く愛される品質。,。 理にかなった理にかなったシンプルささ。  理にかなった理にかなったシンプルささ。,。 穏やかに寄り添う仕上がり。  穏やかに寄り添う仕上がり。長く愛される品質。,。 上質な日常使い。 長く寄り添う設計。  上質な日常使い。 長く寄り添う設計。長く愛される品質。,。 穏やかに寄り添う仕上がり。  穏やかに寄り添う仕上がり。長く愛される品質。,。 理にかなった理にかなったシンプルささ。 誠実なつくり。  理にかなった理にかなったシンプルささ。 誠実なつくり。丁寧なものづくり。,。 理にかなった理にかなったシンプルささ。  理にかなった理にかなったシンプルささ。,。 穏やかに寄り添う仕上がり。 長く寄り添う設計。  穏やかに寄り添う仕上がり。 長く寄り添う設計。長く愛される品質。,。 理にかなった理にかなったシンプルささ。  理にかなった理にかなったシンプルささ。,。 上質な日常使い。 丁寧な手触り。  上質な日常使い。 丁寧な手触り。誠実に仕上げた設計。,。 理にかなった理にかなったシンプルささ。 心地よい使い勝手。  理にかなった理にかなったシンプルささ。 心地よい使い勝手。,。 上質な日常使い。 落ち着きあるデザイン。  上質な日常使い。 落ち着きあるデザイン。誠実に仕上げた設計。,。 上質な日常使い。 落ち着きあるデザイン。  上質な日常使い。 落ち着きあるデザイン。誠実に仕上げた設計。,。 上質な日常使い。 落ち着きあるデザイン。  上質な日常使い。 落ち着きあるデザイン。誠実に仕上げた設計。,。 上質な日常使い。 落ち着きあるデザイン。  上質な日常使い。 落ち着きあるデザイン。誠実に仕上げた設計。,。 上質な日常使い。 落ち着きあるデザイン。  上質な日常使い。 落ち着きあるデザイン。誠実に仕上げた設計。,。 上質な日常使い。 落ち着きあるデザイン。  上質な日常使い。 落ち着きあるデザイン。誠実に仕上げた設計。,。 上質な日常使い。 落ち着きあるデザイン。  上質な日常使い。 落ち着きあるデザイン。誠実に仕上げた設計。,。 上質な日常使い。 落ち着きあるデザイン。  上質な日常使い。 落ち着きあるデザイン。誠実に仕上げた設計。,0.365
Cluster_37,大人さりげなく愛らしいiPhoneケースで肩掛けスタイルを楽しもう。 快適に使える高品質モデル。長く愛される品質。,。 軽やかに魅せるデザイン。  軽やかに魅せるデザイン。長く愛される品質。,。 上品で柔らかな印象。  上品で柔らかな印象。上質を支える構造。,。 軽やかに魅せるデザイン。  軽やかに魅せるデザイン。長く愛される品質。,。 上品で柔らかな印象。  上品で柔らかな印象。上質を支える構造。,。 軽やかに魅せるデザイン。  軽やかに魅せるデザイン。長く愛される品質。,。 知的で穏やかな華やかさ。 品のある佇まい。  知的で穏やかな華やかさ。 品のある佇まい。丁寧なものづくり。,。 知的で穏やかな華やかさ。 品のある佇まい。  知的で穏やかな華やかさ。 品のある佇まい。丁寧なものづくり。,。 上品で柔らかな印象。  上品で柔らかな印象。上質を支える構造。,。 上品で柔らかな印象。  上品で柔らかな印象。上質を支える構造。,。 軽やかに魅せるデザイン。  軽やかに魅せるデザイン。長く愛される品質。,。 知的で穏やかな華やかさ。 心地よい使い勝手。  知的で穏やかな華やかさ。 心地よい使い勝手。長く愛される品質。,。 上品で柔らかな印象。 長く寄り添う設計。  上品で柔らかな印象。 長く寄り添う設計。静かな佇まいで魅せる。,。 知的で穏やかな華やかさ。 誠実なつくり。  知的で穏やかな華やかさ。 誠実なつくり。長く愛される品質。,。 知的で穏やかな華やかさ。 上質を感じさせる仕上がり。  知的で穏やかな華やかさ。 上質を感じさせる仕上がり。長く愛される品質。,。 上品で柔らかな印象。  上品で柔らかな印象。上質を支える構造。,。 上品で柔らかな印象。 心地よい使い勝手。  上品で柔らかな印象。 心地よい使い勝手。,。 知的で穏やかな華やかさ。 心地よい使い勝手。  知的で穏やかな華やかさ。 心地よい使い勝手。長く愛される品質。,。 知的で穏やかな華やかさ。 心地よい使い勝手。  知的で穏やかな華やかさ。 心地よい使い勝手。長く愛される品質。,。 知的で穏やかな華やかさ。 心地よい使い勝手。  知的で穏やかな華やかさ。 心地よい使い勝手。長く愛される品質。,。 知的で穏やかな華やかさ。 心地よい使い勝手。  知的で穏やかな華やかさ。 心地よい使い勝手。長く愛される品質。,0.4
Cluster_38,ビジネスシーンにぴったりの15.6インチ対応リュック。 快適に使える高品質モデル。静かな佇まいで魅せる。,。 信頼を生む佇まい。 品のある佇まい。  信頼を生む佇まい。 品のある佇まい。,。 知的な印象を与える設計。 心地よい使い勝手。  知的な印象を与える設計。 心地よい使い勝手。上質を支える構造。,。 知的な印象を与える設計。  知的な印象を与える設計。,。 知的な印象を与える設計。 落ち着きあるデザイン。  知的な印象を与える設計。 落ち着きあるデザイン。上質を支える構造。,。 知的な印象を与える設計。 品のある佇まい。  知的な印象を与える設計。 品のある佇まい。,。 集中を支える静かなデザイン。 誠実なつくり。  集中を支える静かなデザイン。 誠実なつくり。長く愛される品質。,。 集中を支える静かなデザイン。  集中を支える静かなデザイン。丁寧なものづくり。,。 集中を支える静かなデザイン。 長く寄り添う設計。  集中を支える静かなデザイン。 長く寄り添う設計。長く愛される品質。,。 集中を支える静かなデザイン。  集中を支える静かなデザイン。丁寧なものづくり。,。 知的な印象を与える設計。  知的な印象を与える設計。,。 知的な印象を与える設計。  知的な印象を与える設計。,。 知的な印象を与える設計。 丁寧な手触り。  知的な印象を与える設計。 丁寧な手触り。,。 知的な印象を与える設計。 落ち着きあるデザイン。  知的な印象を与える設計。 落ち着きあるデザイン。上質を支える構造。,。 集中を支える静かなデザイン。  集中を支える静かなデザイン。丁寧なものづくり。,。 知的な印象を与える設計。 上質を感じさせる仕上がり。  知的な印象を与える設計。 上質を感じさせる仕上がり。,。 信頼を生む佇まい。 誠実なつくり。  信頼を生む佇まい。 誠実なつくり。丁寧なものづくり。,。 集中を支える静かなデザイン。  集中を支える静かなデザイン。丁寧なものづくり。,。 知的な印象を与える設計。 品のある佇まい。  知的な印象を与える設計。 品のある佇まい。,。 信頼を生む佇まい。 品のある佇まい。  信頼を生む佇まい。 品のある佇まい。,。 信頼を生む佇まい。 品のある佇まい。  信頼を生む佇まい。 品のある佇まい。,0.402
Cluster_39,iPhoneを守る覗き見防止ガラスフィルムで、プライバシーを守ろう。 快適に使える高品質モデル。上質を支える構造。,。 理にかなった理にかなったシンプルささ。 長く寄り添う設計。  理にかなった理にかなったシンプルささ。 長く寄り添う設計。長く愛される品質。,。 理にかなった理にかなったシンプルささ。  理にかなった理にかなったシンプルささ。,。 理にかなった理にかなったシンプルささ。  理にかなった理にかなったシンプルささ。,。 穏やかに寄り添う仕上がり。  穏やかに寄り添う仕上がり。長く愛される品質。,。 穏やかに寄り添う仕上がり。  穏やかに寄り添う仕上がり。長く愛される品質。,。 理にかなった理にかなったシンプルささ。  理にかなった理にかなったシンプルささ。,。 穏やかに寄り添う仕上がり。  穏やかに寄り添う仕上がり。長く愛される品質。,。 理にかなった理にかなったシンプルささ。  理にかなった理にかなったシンプルささ。,。 理にかなった理にかなったシンプルささ。  理にかなった理にかなったシンプルささ。,。 理にかなった理にかなったシンプルささ。  理にかなった理にかなったシンプルささ。,。 理にかなった理にかなったシンプルささ。 落ち着きあるデザイン。  理にかなった理にかなったシンプルささ。 落ち着きあるデザイン。長く愛される品質。,。 理にかなった理にかなったシンプルささ。  理にかなった理にかなったシンプルささ。,。 上質な日常使い。 誠実なつくり。  上質な日常使い。 誠実なつくり。上質を支える構造。,。 上質な日常使い。 品のある佇まい。  上質な日常使い。 品のある佇まい。静かな佇まいで魅せる。,。 上質な日常使い。 品のある佇まい。  上質な日常使い。 品のある佇まい。静かな佇まいで魅せる。,。 上質な日常使い。 品のある佇まい。  上質な日常使い。 品のある佇まい。静かな佇まいで魅せる。,。 上質な日常使い。 品のある佇まい。  上質な日常使い。 品のある佇まい。静かな佇まいで魅せる。,。 上質な日常使い。 品のある佇まい。  上質な日常使い。 品のある佇まい。静かな佇まいで魅せる。,。 上質な日常使い。 品のある佇まい。  上質な日常使い。 品のある佇まい。静かな佇まいで魅せる。,。 上質な日常使い。 品のある佇まい。  上質な日常使い。 品のある佇まい。静かな佇まいで魅せる。,0.354
Cluster_40,iPhone14ProMaxを守る、スタイリッシュなMagSafe充電対応ケース。 快適に使える高品質モデル。上質を支える構造。,。 機能美が光る仕上がり。 品のある佇まい。  機能美が光る仕上がり。 品のある佇まい。上質を支える構造。,。 洗練された構造。 心地よい使い勝手。  洗練された構造。 心地よい使い勝手。静かな佇まいで魅せる。,。 性能を研ぎ澄ませた設計。  性能を研ぎ澄ませた設計。長く愛される品質。,。 洗練された構造。 心地よい使い勝手。  洗練された構造。 心地よい使い勝手。静かな佇まいで魅せる。,。 洗練された構造。 長く寄り添う設計。  洗練された構造。 長く寄り添う設計。丁寧なものづくり。,。 性能を研ぎ澄ませた設計。 理にかなった構造。  性能を研ぎ澄ませた設計。 理にかなった構造。,。 洗練された構造。  洗練された構造。丁寧なものづくり。,。 洗練された構造。  洗練された構造。丁寧なものづくり。,。 洗練された構造。  洗練された構造。丁寧なものづくり。,。 機能美が光る仕上がり。 落ち着きあるデザイン。  機能美が光る仕上がり。 落ち着きあるデザイン。丁寧なものづくり。,。 性能を研ぎ澄ませた設計。  性能を研ぎ澄ませた設計。長く愛される品質。,。 性能を研ぎ澄ませた設計。  性能を研ぎ澄ませた設計。長く愛される品質。,。 性能を研ぎ澄ませた設計。 理にかなった構造。  性能を研ぎ澄ませた設計。 理にかなった構造。,。 機能美が光る仕上がり。 品のある佇まい。  機能美が光る仕上がり。 品のある佇まい。上質を支える構造。,。 性能を研ぎ澄ませた設計。  性能を研ぎ澄ませた設計。長く愛される品質。,。 性能を研ぎ澄ませた設計。  性能を研ぎ澄ませた設計。長く愛される品質。,。 性能を研ぎ澄ませた設計。 長く寄り添う設計。  性能を研ぎ澄ませた設計。 長く寄り添う設計。,。 洗練された構造。  洗練された構造。丁寧なものづくり。,。 洗練された構造。  洗練された構造。丁寧なものづくり。,。 洗練された構造。  洗練された構造。丁寧なものづくり。,0.404
Cluster_41,確定申告もこれ一台マイナンバー対応ICカードリーダー。 快適に使える高品質モデル。丁寧なものづくり。,。 理にかなった理にかなったシンプルささ。  理にかなった理にかなったシンプルささ。,。 理にかなった理にかなったシンプルささ。  理にかなった理にかなったシンプルささ。,。 穏やかに寄り添う仕上がり。 品のある佇まい。  穏やかに寄り添う仕上がり。 品のある佇まい。丁寧なものづくり。,。 理にかなった理にかなったシンプルささ。  理にかなった理にかなったシンプルささ。,。 穏やかに寄り添う仕上がり。 長く寄り添う設計。  穏やかに寄り添う仕上がり。 長く寄り添う設計。長く愛される品質。,。 理にかなった理にかなったシンプルささ。  理にかなった理にかなったシンプルささ。,。 上質な日常使い。 心地よい使い勝手。  上質な日常使い。 心地よい使い勝手。誠実に仕上げた設計。,。 上質な日常使い。 誠実なつくり。  上質な日常使い。 誠実なつくり。上質を支える構造。,。 穏やかに寄り添う仕上がり。 誠実なつくり。  穏やかに寄り添う仕上がり。 誠実なつくり。上質を支える構造。,。 穏やかに寄り添う仕上がり。 誠実なつくり。  穏やかに寄り添う仕上がり。 誠実なつくり。上質を支える構造。,。 理にかなった理にかなったシンプルささ。  理にかなった理にかなったシンプルささ。,。 理にかなった理にかなったシンプルささ。  理にかなった理にかなったシンプルささ。,。 上質な日常使い。 落ち着きあるデザイン。  上質な日常使い。 落ち着きあるデザイン。誠実に仕上げた設計。,。 上質な日常使い。 落ち着きあるデザイン。  上質な日常使い。 落ち着きあるデザイン。誠実に仕上げた設計。,。 理にかなった理にかなったシンプルささ。  理にかなった理にかなったシンプルささ。,。 穏やかに寄り添う仕上がり。 上質を感じさせる仕上がり。  穏やかに寄り添う仕上がり。 上質を感じさせる仕上がり。静かな佇まいで魅せる。,。 穏やかに寄り添う仕上がり。 上質を感じさせる仕上がり。  穏やかに寄り添う仕上がり。 上質を感じさせる仕上がり。静かな佇まいで魅せる。,。 穏やかに寄り添う仕上がり。 上質を感じさせる仕上がり。  穏やかに寄り添う仕上がり。 上質を感じさせる仕上がり。静かな佇まいで魅せる。,。 穏やかに寄り添う仕上がり。 上質を感じさせる仕上がり。  穏やかに寄り添う仕上がり。 上質を感じさせる仕上がり。静かな佇まいで魅せる。,。 穏やかに寄り添う仕上がり。 上質を感じさせる仕上がり。  穏やかに寄り添う仕上がり。 上質を感じさせる仕上がり。静かな佇まいで魅せる。,0.389
Cluster_42,MicroUSBはもう不要急速充電対応の3in1マルチケーブル。 快適に使える高品質モデル。誠実に仕上げた設計。,。 洗練された構造。 心地よい使い勝手。  洗練された構造。 心地よい使い勝手。静かな佇まいで魅せる。,。 洗練された構造。  洗練された構造。丁寧なものづくり。,。 洗練された構造。 心地よい使い勝手。  洗練された構造。 心地よい使い勝手。静かな佇まいで魅せる。,。 洗練された構造。  洗練された構造。丁寧なものづくり。,。 性能を研ぎ澄ませた設計。 長く寄り添う設計。  性能を研ぎ澄ませた設計。 長く寄り添う設計。,。 洗練された構造。  洗練された構造。丁寧なものづくり。,。 洗練された構造。  洗練された構造。丁寧なものづくり。,。 機能美が光る仕上がり。 心地よい使い勝手。  機能美が光る仕上がり。 心地よい使い勝手。上質を支える構造。,。 性能を研ぎ澄ませた設計。 誠実なつくり。  性能を研ぎ澄ませた設計。 誠実なつくり。誠実に仕上げた設計。,。 性能を研ぎ澄ませた設計。 心地よい使い勝手。  性能を研ぎ澄ませた設計。 心地よい使い勝手。静かな佇まいで魅せる。,。 洗練された構造。  洗練された構造。丁寧なものづくり。,。 洗練された構造。 心地よい使い勝手。  洗練された構造。 心地よい使い勝手。静かな佇まいで魅せる。,。 性能を研ぎ澄ませた設計。  性能を研ぎ澄ませた設計。長く愛される品質。,。 性能を研ぎ澄ませた設計。  性能を研ぎ澄ませた設計。長く愛される品質。,。 機能美が光る仕上がり。 長く寄り添う設計。  機能美が光る仕上がり。 長く寄り添う設計。丁寧なものづくり。,。 機能美が光る仕上がり。 品のある佇まい。  機能美が光る仕上がり。 品のある佇まい。上質を支える構造。,。 機能美が光る仕上がり。 品のある佇まい。  機能美が光る仕上がり。 品のある佇まい。上質を支える構造。,。 機能美が光る仕上がり。 品のある佇まい。  機能美が光る仕上がり。 品のある佇まい。上質を支える構造。,。 機能美が光る仕上がり。 品のある佇まい。  機能美が光る仕上がり。 品のある佇まい。上質を支える構造。,。 機能美が光る仕上がり。 品のある佇まい。  機能美が光る仕上がり。 品のある佇まい。上質を支える構造。,0.396
Cluster_43,ギャラクシーA22 5GとS21を守る、耐衝撃手帳型カバー登場。 快適に使える高品質モデル。丁寧なものづくり。,。 穏やかに寄り添う仕上がり。 丁寧な手触り。  穏やかに寄り添う仕上がり。 丁寧な手触り。上質を支える構造。,。 理にかなった理にかなったシンプルささ。  理にかなった理にかなったシンプルささ。,。 理にかなった理にかなったシンプルささ。  理にかなった理にかなったシンプルささ。,。 理にかなった理にかなったシンプルささ。  理にかなった理にかなったシンプルささ。,。 理にかなった理にかなったシンプルささ。 理にかなった構造。  理にかなった理にかなったシンプルささ。 理にかなった構造。,。 理にかなった理にかなったシンプルささ。  理にかなった理にかなったシンプルささ。,。 穏やかに寄り添う仕上がり。 丁寧な手触り。  穏やかに寄り添う仕上がり。 丁寧な手触り。上質を支える構造。,。 穏やかに寄り添う仕上がり。  穏やかに寄り添う仕上がり。長く愛される品質。,。 理にかなった理にかなったシンプルささ。  理にかなった理にかなったシンプルささ。,。 穏やかに寄り添う仕上がり。  穏やかに寄り添う仕上がり。長く愛される品質。,。 穏やかに寄り添う仕上がり。  穏やかに寄り添う仕上がり。長く愛される品質。,。 理にかなった理にかなったシンプルささ。 心地よい使い勝手。  理にかなった理にかなったシンプルささ。 心地よい使い勝手。,。 理にかなった理にかなったシンプルささ。 落ち着きあるデザイン。  理にかなった理にかなったシンプルささ。 落ち着きあるデザイン。長く愛される品質。,。 理にかなった理にかなったシンプルささ。 落ち着きあるデザイン。  理にかなった理にかなったシンプルささ。 落ち着きあるデザイン。長く愛される品質。,。 理にかなった理にかなったシンプルささ。 落ち着きあるデザイン。  理にかなった理にかなったシンプルささ。 落ち着きあるデザイン。長く愛される品質。,。 理にかなった理にかなったシンプルささ。 落ち着きあるデザイン。  理にかなった理にかなったシンプルささ。 落ち着きあるデザイン。長く愛される品質。,。 理にかなった理にかなったシンプルささ。 落ち着きあるデザイン。  理にかなった理にかなったシンプルささ。 落ち着きあるデザイン。長く愛される品質。,。 理にかなった理にかなったシンプルささ。 落ち着きあるデザイン。  理にかなった理にかなったシンプルささ。 落ち着きあるデザイン。長く愛される品質。,。 理にかなった理にかなったシンプルささ。 落ち着きあるデザイン。  理にかなった理にかなったシンプルささ。 落ち着きあるデザイン。長く愛される品質。,。 理にかなった理にかなったシンプルささ。 落ち着きあるデザイン。  理にかなった理にかなったシンプルささ。 落ち着きあるデザイン。長く愛される品質。,0.357
Cluster_44,Xperia 5 IIをスタイリッシュに守る手帳型ケース。 快適に使える高品質モデル。誠実に仕上げた設計。,。 穏やかに寄り添う仕上がり。  穏やかに寄り添う仕上がり。長く愛される品質。,。 理にかなった理にかなったシンプルささ。 誠実なつくり。  理にかなった理にかなったシンプルささ。 誠実なつくり。丁寧なものづくり。,。 理にかなった理にかなったシンプルささ。 上質を感じさせる仕上がり。  理にかなった理にかなったシンプルささ。 上質を感じさせる仕上がり。丁寧なものづくり。,。 上質な日常使い。 落ち着きあるデザイン。  上質な日常使い。 落ち着きあるデザイン。誠実に仕上げた設計。,。 理にかなった理にかなったシンプルささ。  理にかなった理にかなったシンプルささ。,。 理にかなった理にかなったシンプルささ。 落ち着きあるデザイン。  理にかなった理にかなったシンプルささ。 落ち着きあるデザイン。長く愛される品質。,。 穏やかに寄り添う仕上がり。 丁寧な手触り。  穏やかに寄り添う仕上がり。 丁寧な手触り。上質を支える構造。,。 穏やかに寄り添う仕上がり。  穏やかに寄り添う仕上がり。長く愛される品質。,。 上質な日常使い。 心地よい使い勝手。  上質な日常使い。 心地よい使い勝手。誠実に仕上げた設計。,。 理にかなった理にかなったシンプルささ。  理にかなった理にかなったシンプルささ。,。 上質な日常使い。 上質を感じさせる仕上がり。  上質な日常使い。 上質を感じさせる仕上がり。,。 理にかなった理にかなったシンプルささ。  理にかなった理にかなったシンプルささ。,。 穏やかに寄り添う仕上がり。  穏やかに寄り添う仕上がり。長く愛される品質。,。 穏やかに寄り添う仕上がり。 上質を感じさせる仕上がり。  穏やかに寄り添う仕上がり。 上質を感じさせる仕上がり。静かな佇まいで魅せる。,。 穏やかに寄り添う仕上がり。 上質を感じさせる仕上がり。  穏やかに寄り添う仕上がり。 上質を感じさせる仕上がり。静かな佇まいで魅せる。,。 穏やかに寄り添う仕上がり。 上質を感じさせる仕上がり。  穏やかに寄り添う仕上がり。 上質を感じさせる仕上がり。静かな佇まいで魅せる。,。 穏やかに寄り添う仕上がり。 上質を感じさせる仕上がり。  穏やかに寄り添う仕上がり。 上質を感じさせる仕上がり。静かな佇まいで魅せる。,。 穏やかに寄り添う仕上がり。 上質を感じさせる仕上がり。  穏やかに寄り添う仕上がり。 上質を感じさせる仕上がり。静かな佇まいで魅せる。,。 穏やかに寄り添う仕上がり。 上質を感じさせる仕上がり。  穏やかに寄り添う仕上がり。 上質を感じさせる仕上がり。静かな佇まいで魅せる。,。 穏やかに寄り添う仕上がり。 上質を感じさせる仕上がり。  穏やかに寄り添う仕上がり。 上質を感じさせる仕上がり。静かな佇まいで魅せる。,0.385
Cluster_45,MagSafe対応の手帳型iPhoneケースで、スタイリッシュに決めよう。 快適に使える高品質モデル。静かな佇まいで魅せる。,。 穏やかに寄り添う仕上がり。 長く寄り添う設計。  穏やかに寄り添う仕上がり。 長く寄り添う設計。長く愛される品質。,。 穏やかに寄り添う仕上がり。 誠実なつくり。  穏やかに寄り添う仕上がり。 誠実なつくり。上質を支える構造。,。 理にかなった理にかなったシンプルささ。 落ち着きあるデザイン。  理にかなった理にかなったシンプルささ。 落ち着きあるデザイン。長く愛される品質。,。 上質な日常使い。 長く寄り添う設計。  上質な日常使い。 長く寄り添う設計。長く愛される品質。,。 穏やかに寄り添う仕上がり。  穏やかに寄り添う仕上がり。長く愛される品質。,。 理にかなった理にかなったシンプルささ。 誠実なつくり。  理にかなった理にかなったシンプルささ。 誠実なつくり。丁寧なものづくり。,。 穏やかに寄り添う仕上がり。 丁寧な手触り。  穏やかに寄り添う仕上がり。 丁寧な手触り。上質を支える構造。,。 穏やかに寄り添う仕上がり。 丁寧な手触り。  穏やかに寄り添う仕上がり。 丁寧な手触り。上質を支える構造。,。 上質な日常使い。 丁寧な手触り。  上質な日常使い。 丁寧な手触り。誠実に仕上げた設計。,。 穏やかに寄り添う仕上がり。 丁寧な手触り。  穏やかに寄り添う仕上がり。 丁寧な手触り。上質を支える構造。,。 理にかなった理にかなったシンプルささ。  理にかなった理にかなったシンプルささ。,。 上質な日常使い。 丁寧な手触り。  上質な日常使い。 丁寧な手触り。誠実に仕上げた設計。,。 穏やかに寄り添う仕上がり。 誠実なつくり。  穏やかに寄り添う仕上がり。 誠実なつくり。上質を支える構造。,。 穏やかに寄り添う仕上がり。  穏やかに寄り添う仕上がり。長く愛される品質。,。 穏やかに寄り添う仕上がり。  穏やかに寄り添う仕上がり。長く愛される品質。,。 穏やかに寄り添う仕上がり。  穏やかに寄り添う仕上がり。長く愛される品質。,。 穏やかに寄り添う仕上がり。  穏やかに寄り添う仕上がり。長く愛される品質。,。 穏やかに寄り添う仕上がり。  穏やかに寄り添う仕上がり。長く愛される品質。,。 穏やかに寄り添う仕上がり。  穏やかに寄り添う仕上がり。長く愛される品質。,。 穏やかに寄り添う仕上がり。  穏やかに寄り添う仕上がり。長く愛される品質。,0.392
Cluster_46,iPhone17対応180度回転で使いやすい高速Type-Cケーブル2m。 快適に使える高品質モデル。長く愛される品質。,。 洗練された構造。 品のある佇まい。  洗練された構造。 品のある佇まい。,。 機能美が光る仕上がり。 落ち着きあるデザイン。  機能美が光る仕上がり。 落ち着きあるデザイン。丁寧なものづくり。,。 性能を研ぎ澄ませた設計。 誠実なつくり。  性能を研ぎ澄ませた設計。 誠実なつくり。誠実に仕上げた設計。,。 洗練された構造。  洗練された構造。丁寧なものづくり。,。 洗練された構造。  洗練された構造。丁寧なものづくり。,。 性能を研ぎ澄ませた設計。  性能を研ぎ澄ませた設計。長く愛される品質。,。 洗練された構造。 品のある佇まい。  洗練された構造。 品のある佇まい。,。 洗練された構造。 誠実なつくり。  洗練された構造。 誠実なつくり。丁寧なものづくり。,。 性能を研ぎ澄ませた設計。 品のある佇まい。  性能を研ぎ澄ませた設計。 品のある佇まい。丁寧なものづくり。,。 性能を研ぎ澄ませた設計。  性能を研ぎ澄ませた設計。長く愛される品質。,。 性能を研ぎ澄ませた設計。 丁寧な手触り。  性能を研ぎ澄ませた設計。 丁寧な手触り。長く愛される品質。,。 性能を研ぎ澄ませた設計。  性能を研ぎ澄ませた設計。長く愛される品質。,。 洗練された構造。 丁寧な手触り。  洗練された構造。 丁寧な手触り。,。 機能美が光る仕上がり。 理にかなった構造。  機能美が光る仕上がり。 理にかなった構造。,。 性能を研ぎ澄ませた設計。 心地よい使い勝手。  性能を研ぎ澄ませた設計。 心地よい使い勝手。静かな佇まいで魅せる。,。 性能を研ぎ澄ませた設計。 誠実なつくり。  性能を研ぎ澄ませた設計。 誠実なつくり。誠実に仕上げた設計。,。 洗練された構造。  洗練された構造。丁寧なものづくり。,。 性能を研ぎ澄ませた設計。  性能を研ぎ澄ませた設計。長く愛される品質。,。 性能を研ぎ澄ませた設計。  性能を研ぎ澄ませた設計。長く愛される品質。,。 性能を研ぎ澄ませた設計。  性能を研ぎ澄ませた設計。長く愛される品質。,0.401
Cluster_47,楽天1位USB4ケーブルで超高速データ転送と急速充電を実現。 快適に使える高品質モデル。誠実に仕上げた設計。,。 洗練された構造。  洗練された構造。丁寧なものづくり。,。 機能美が光る仕上がり。 長く寄り添う設計。  機能美が光る仕上がり。 長く寄り添う設計。丁寧なものづくり。,。 性能を研ぎ澄ませた設計。 上質を感じさせる仕上がり。  性能を研ぎ澄ませた設計。 上質を感じさせる仕上がり。長く愛される品質。,。 洗練された構造。 長く寄り添う設計。  洗練された構造。 長く寄り添う設計。丁寧なものづくり。,。 機能美が光る仕上がり。 誠実なつくり。  機能美が光る仕上がり。 誠実なつくり。,。 性能を研ぎ澄ませた設計。  性能を研ぎ澄ませた設計。長く愛される品質。,。 洗練された構造。 心地よい使い勝手。  洗練された構造。 心地よい使い勝手。静かな佇まいで魅せる。,。 洗練された構造。 理にかなった構造。  洗練された構造。 理にかなった構造。誠実に仕上げた設計。,。 機能美が光る仕上がり。 落ち着きあるデザイン。  機能美が光る仕上がり。 落ち着きあるデザイン。丁寧なものづくり。,。 性能を研ぎ澄ませた設計。  性能を研ぎ澄ませた設計。長く愛される品質。,。 洗練された構造。  洗練された構造。丁寧なものづくり。,。 機能美が光る仕上がり。 品のある佇まい。  機能美が光る仕上がり。 品のある佇まい。上質を支える構造。,。 性能を研ぎ澄ませた設計。 理にかなった構造。  性能を研ぎ澄ませた設計。 理にかなった構造。,。 機能美が光る仕上がり。 誠実なつくり。  機能美が光る仕上がり。 誠実なつくり。,。 性能を研ぎ澄ませた設計。  性能を研ぎ澄ませた設計。長く愛される品質。,。 性能を研ぎ澄ませた設計。  性能を研ぎ澄ませた設計。長く愛される品質。,。 性能を研ぎ澄ませた設計。  性能を研ぎ澄ませた設計。長く愛される品質。,。 性能を研ぎ澄ませた設計。  性能を研ぎ澄ませた設計。長く愛される品質。,。 性能を研ぎ澄ませた設計。  性能を研ぎ澄ませた設計。長く愛される品質。,。 性能を研ぎ澄ませた設計。  性能を研ぎ澄ませた設計。長く愛される品質。,0.389
Cluster_48,楽天1位のThunderboltケーブルで、高速充電と映像出力を手に入れよう。 快適に使える高品質モデル。上質を支える構造。,。 洗練された構造。 丁寧な手触り。  洗練された構造。 丁寧な手触り。,。 性能を研ぎ澄ませた設計。  性能を研ぎ澄ませた設計。長く愛される品質。,。 機能美が光る仕上がり。 長く寄り添う設計。  機能美が光る仕上がり。 長く寄り添う設計。丁寧なものづくり。,。 機能美が光る仕上がり。 落ち着きあるデザイン。  機能美が光る仕上がり。 落ち着きあるデザイン。丁寧なものづくり。,。 洗練された構造。  洗練された構造。丁寧なものづくり。,。 洗練された構造。  洗練された構造。丁寧なものづくり。,。 性能を研ぎ澄ませた設計。  性能を研ぎ澄ませた設計。長く愛される品質。,。 洗練された構造。  洗練された構造。丁寧なものづくり。,。 性能を研ぎ澄ませた設計。  性能を研ぎ澄ませた設計。長く愛される品質。,。 機能美が光る仕上がり。 心地よい使い勝手。  機能美が光る仕上がり。 心地よい使い勝手。上質を支える構造。,。 洗練された構造。  洗練された構造。丁寧なものづくり。,。 洗練された構造。  洗練された構造。丁寧なものづくり。,。 性能を研ぎ澄ませた設計。  性能を研ぎ澄ませた設計。長く愛される品質。,。 洗練された構造。 誠実なつくり。  洗練された構造。 誠実なつくり。丁寧なものづくり。,。 洗練された構造。 落ち着きあるデザイン。  洗練された構造。 落ち着きあるデザイン。,。 洗練された構造。  洗練された構造。丁寧なものづくり。,。 洗練された構造。  洗練された構造。丁寧なものづくり。,。 洗練された構造。  洗練された構造。丁寧なものづくり。,。 洗練された構造。  洗練された構造。丁寧なものづくり。,。 洗練された構造。  洗練された構造。丁寧なものづくり。,0.382
Cluster_49,オフィスで快適に使える3in1タイプCケーブル。 快適に使える高品質モデル。 オフィスで快適に使える3in1タイプCケーブル。 快適に使える高品質モデル。,。 機能美が光る仕上がり。 理にかなった構造。  機能美が光る仕上がり。 理にかなった構造。,。 洗練された構造。  洗練された構造。丁寧なものづくり。,。 洗練された構造。 落ち着きあるデザイン。  洗練された構造。 落ち着きあるデザイン。,。 性能を研ぎ澄ませた設計。  性能を研ぎ澄ませた設計。長く愛される品質。,。 洗練された構造。  洗練された構造。丁寧なものづくり。,。 機能美が光る仕上がり。 理にかなった構造。  機能美が光る仕上がり。 理にかなった構造。,。 性能を研ぎ澄ませた設計。  性能を研ぎ澄ませた設計。長く愛される品質。,。 性能を研ぎ澄ませた設計。 丁寧な手触り。  性能を研ぎ澄ませた設計。 丁寧な手触り。長く愛される品質。,。 洗練された構造。 丁寧な手触り。  洗練された構造。 丁寧な手触り。,。 洗練された構造。  洗練された構造。丁寧なものづくり。,。 洗練された構造。  洗練された構造。丁寧なものづくり。,。 性能を研ぎ澄ませた設計。  性能を研ぎ澄ませた設計。長く愛される品質。,。 性能を研ぎ澄ませた設計。  性能を研ぎ澄ませた設計。長く愛される品質。,。 洗練された構造。  洗練された構造。丁寧なものづくり。,。 洗練された構造。  洗練された構造。丁寧なものづくり。,。 洗練された構造。  洗練された構造。丁寧なものづくり。,。 洗練された構造。  洗練された構造。丁寧なものづくり。,。 洗練された構造。  洗練された構造。丁寧なものづくり。,。 洗練された構造。  洗練された構造。丁寧なものづくり。,。 洗練された構造。  洗練された構造。丁寧なものづくり。,0.367
